name,value,date
中国大陆地区,571,2020年01月22日
中国大陆地区,830,2020年01月23日
中国大陆地区,1287,2020年01月24日
中国大陆地区,1975,2020年01月25日
中国大陆地区,2744,2020年01月26日
中国大陆地区,4515,2020年01月27日
中国大陆地区,5974,2020年01月28日
中国大陆地区,7711,2020年01月29日
中国大陆地区,9692,2020年01月30日
中国大陆地区,11791,2020年01月31日
中国大陆地区,14380,2020年02月01日
中国大陆地区,17205,2020年02月02日
中国大陆地区,20440,2020年02月03日
中国大陆地区,24324,2020年02月04日
中国大陆地区,28018,2020年02月05日
中国大陆地区,31161,2020年02月06日
中国大陆地区,34546,2020年02月07日
中国大陆地区,37198,2020年02月08日
中国大陆地区,40171,2020年02月09日
中国大陆地区,42638,2020年02月10日
中国大陆地区,44653,2020年02月11日
中国大陆地区,58761,2020年02月12日
中国大陆地区,63851,2020年02月13日
中国大陆地区,66492,2020年02月14日
中国大陆地区,68500,2020年02月15日
中国大陆地区,70548,2020年02月16日
中国大陆地区,72436,2020年02月17日
中国大陆地区,74185,2020年02月18日
中国大陆地区,74576,2020年02月19日
中国大陆地区,75465,2020年02月20日
中国大陆地区,76288,2020年02月21日
中国大陆地区,76936,2020年02月22日
中国大陆地区,77150,2020年02月23日
中国大陆地区,77658,2020年02月24日
中国大陆地区,78064,2020年02月25日
中国大陆地区,78497,2020年02月26日
中国大陆地区,78824,2020年02月27日
中国大陆地区,79251,2020年02月28日
中国大陆地区,79824,2020年02月29日
中国大陆地区,80026,2020年03月01日
中国大陆地区,80151,2020年03月02日
中国大陆地区,80270,2020年03月03日
中国大陆地区,80409,2020年03月04日
中国大陆地区,80552,2020年03月05日
中国大陆地区,80651,2020年03月06日
中国大陆地区,80695,2020年03月07日
中国大陆地区,80735,2020年03月08日
中国大陆地区,80754,2020年03月09日
中国大陆地区,80778,2020年03月10日
中国大陆地区,80793,2020年03月11日
中国大陆地区,80813,2020年03月12日
中国大陆地区,80824,2020年03月13日
中国大陆地区,80844,2020年03月14日
中国大陆地区,80860,2020年03月15日
中国大陆地区,80881,2020年03月16日
中国大陆地区,80894,2020年03月17日
中国大陆地区,80928,2020年03月18日
中国大陆地区,80967,2020年03月19日
中国大陆地区,81008,2020年03月20日
中国大陆地区,81054,2020年03月21日
中国大陆地区,81093,2020年03月22日
中国大陆地区,81171,2020年03月23日
中国大陆地区,81218,2020年03月24日
中国大陆地区,81285,2020年03月25日
中国大陆地区,81340,2020年03月26日
中国大陆地区,81394,2020年03月27日
中国大陆地区,81439,2020年03月28日
中国大陆地区,81439,2020年03月29日
中国大陆地区,81518,2020年03月30日
中国大陆地区,81554,2020年03月31日
中国大陆地区,81589,2020年04月01日
中国大陆地区,81620,2020年04月02日
中国大陆地区,81639,2020年04月03日
中国大陆地区,81669,2020年04月04日
中国大陆地区,81708,2020年04月05日
中国大陆地区,81740,2020年04月06日
中国大陆地区,81802,2020年04月07日
中国大陆地区,81865,2020年04月08日
中国大陆地区,81907,2020年04月09日
中国大陆地区,81953,2020年04月10日
中国大陆地区,82052,2020年04月11日
中国大陆地区,82160,2020年04月12日
中国大陆地区,82249,2020年04月13日
中国大陆地区,82295,2020年04月14日
中国大陆地区,82341,2020年04月15日
中国大陆地区,82367,2020年04月16日
中国大陆地区,82692,2020年04月17日
中国大陆地区,82719,2020年04月18日
中国大陆地区,82735,2020年04月19日
中国大陆地区,82747,2020年04月20日
中国大陆地区,82758,2020年04月21日
中国大陆地区,82788,2020年04月22日
中国大陆地区,82798,2020年04月23日
中国大陆地区,82804,2020年04月24日
中国大陆地区,82816,2020年04月25日
中国大陆地区,82827,2020年04月26日
中国大陆地区,82830,2020年04月27日
中国大陆地区,82836,2020年04月28日
中国大陆地区,82858,2020年04月29日
中国大陆地区,82862,2020年04月30日
中国大陆地区,82874,2020年05月01日
中国大陆地区,82875,2020年05月02日
中国大陆地区,82877,2020年05月03日
中国大陆地区,82880,2020年05月04日
中国大陆地区,82881,2020年05月05日
中国大陆地区,82883,2020年05月06日
中国大陆地区,82885,2020年05月07日
中国大陆地区,82886,2020年05月08日
中国大陆地区,82887,2020年05月09日
中国大陆地区,82901,2020年05月10日
中国大陆地区,82918,2020年05月11日
中国大陆地区,82919,2020年05月12日
中国大陆地区,82926,2020年05月13日
中国大陆地区,82929,2020年05月14日
中国大陆地区,82933,2020年05月15日
中国大陆地区,82941,2020年05月16日
中国大陆地区,82947,2020年05月17日
中国大陆地区,82954,2020年05月18日
中国大陆地区,82960,2020年05月19日
中国大陆地区,82965,2020年05月20日
中国大陆地区,82967,2020年05月21日
中国大陆地区,82971,2020年05月22日
中国大陆地区,82971,2020年05月23日
中国大陆地区,82974,2020年05月24日
中国大陆地区,82985,2020年05月25日
中国大陆地区,82992,2020年05月26日
中国大陆地区,82993,2020年05月27日
中国大陆地区,82995,2020年05月28日
中国大陆地区,82995,2020年05月29日
中国大陆地区,82999,2020年05月30日
中国大陆地区,83001,2020年05月31日
中国大陆地区,83017,2020年06月01日
中国大陆地区,83021,2020年06月02日
中国大陆地区,83021,2020年06月03日
中国大陆地区,83022,2020年06月04日
中国大陆地区,83027,2020年06月05日
中国大陆地区,83030,2020年06月06日
中国大陆地区,83036,2020年06月07日
中国大陆地区,83040,2020年06月08日
中国大陆地区,83043,2020年06月09日
中国大陆地区,83046,2020年06月10日
中国大陆地区,83057,2020年06月11日
中国大陆地区,83064,2020年06月12日
中国大陆地区,83075,2020年06月13日
中国大陆地区,83132,2020年06月14日
中国大陆地区,83181,2020年06月15日
中国大陆地区,83221,2020年06月16日
中国大陆地区,83265,2020年06月17日
中国大陆地区,83293,2020年06月18日
中国大陆地区,83325,2020年06月19日
中国大陆地区,83352,2020年06月20日
中国大陆地区,83378,2020年06月21日
中国大陆地区,83396,2020年06月22日
中国大陆地区,83418,2020年06月23日
中国大陆地区,83430,2020年06月24日
中国大陆地区,83449,2020年06月25日
中国大陆地区,83462,2020年06月26日
中国大陆地区,83483,2020年06月27日
中国大陆地区,83500,2020年06月28日
中国大陆地区,83512,2020年06月29日
中国大陆地区,83531,2020年06月30日
中国大陆地区,83534,2020年07月01日
中国大陆地区,83537,2020年07月02日
中国大陆地区,83542,2020年07月03日
中国大陆地区,83545,2020年07月04日
中国大陆地区,83553,2020年07月05日
中国大陆地区,83557,2020年07月06日
中国大陆地区,83565,2020年07月07日
中国大陆地区,83572,2020年07月08日
中国大陆地区,83581,2020年07月09日
中国大陆地区,83585,2020年07月10日
中国大陆地区,83587,2020年07月11日
中国大陆地区,83594,2020年07月12日
中国大陆地区,83602,2020年07月13日
中国大陆地区,83605,2020年07月14日
中国大陆地区,83611,2020年07月15日
中国大陆地区,83612,2020年07月16日
中国大陆地区,83622,2020年07月17日
中国大陆地区,83644,2020年07月18日
中国大陆地区,83660,2020年07月19日
中国大陆地区,83682,2020年07月20日
中国大陆地区,83693,2020年07月21日
中国大陆地区,83707,2020年07月22日
中国大陆地区,83729,2020年07月23日
中国大陆地区,83750,2020年07月24日
中国大陆地区,83784,2020年07月25日
中国大陆地区,83830,2020年07月26日
中国大陆地区,83891,2020年07月27日
中国大陆地区,83959,2020年07月28日
中国大陆地区,84060,2020年07月29日
中国大陆地区,84165,2020年07月30日
中国大陆地区,84292,2020年07月31日
中国大陆地区,84336,2020年08月01日
中国大陆地区,84385,2020年08月02日
中国大陆地区,84428,2020年08月03日
中国大陆地区,84464,2020年08月04日
中国大陆地区,84491,2020年08月05日
中国大陆地区,84528,2020年08月06日
中国大陆地区,84565,2020年08月07日
中国大陆地区,84596,2020年08月08日
中国大陆地区,84619,2020年08月09日
中国大陆地区,84668,2020年08月10日
中国大陆地区,84712,2020年08月11日
中国大陆地区,84737,2020年08月12日
中国大陆地区,84756,2020年08月13日
中国大陆地区,84786,2020年08月14日
中国大陆地区,84808,2020年08月15日
中国大陆地区,84827,2020年08月16日
中国大陆地区,84849,2020年08月17日
中国大陆地区,84871,2020年08月18日
中国大陆地区,84888,2020年08月19日
中国大陆地区,84895,2020年08月20日
中国大陆地区,84917,2020年08月21日
中国大陆地区,84939,2020年08月22日
中国大陆地区,84951,2020年08月23日
中国大陆地区,84967,2020年08月24日
中国大陆地区,84981,2020年08月25日
中国大陆地区,84996,2020年08月26日
中国大陆地区,85004,2020年08月27日
中国大陆地区,85013,2020年08月28日
中国大陆地区,85022,2020年08月29日
中国大陆地区,85031,2020年08月30日
中国大陆地区,85048,2020年08月31日
中国大陆地区,85058,2020年09月01日
中国大陆地区,85066,2020年09月02日
中国大陆地区,85077,2020年09月03日
中国大陆地区,85102,2020年09月04日
中国大陆地区,85112,2020年09月05日
中国大陆地区,85122,2020年09月06日
中国大陆地区,85134,2020年09月07日
中国大陆地区,85144,2020年09月08日
中国大陆地区,85146,2020年09月09日
中国大陆地区,85153,2020年09月10日
中国大陆地区,85168,2020年09月11日
中国大陆地区,85174,2020年09月12日
中国大陆地区,85184,2020年09月13日
中国大陆地区,85194,2020年09月14日
中国大陆地区,85202,2020年09月15日
中国大陆地区,85214,2020年09月16日
中国大陆地区,85223,2020年09月17日
中国大陆地区,85255,2020年09月18日
中国大陆地区,85269,2020年09月19日
中国大陆地区,85279,2020年09月20日
中国大陆地区,85291,2020年09月21日
中国大陆地区,85297,2020年09月22日
中国大陆地区,85307,2020年09月23日
中国大陆地区,85314,2020年09月24日
中国大陆地区,85322,2020年09月25日
中国大陆地区,85337,2020年09月26日
中国大陆地区,85351,2020年09月27日
中国大陆地区,85372,2020年09月28日
中国大陆地区,85384,2020年09月29日
中国大陆地区,85403,2020年09月30日
中国大陆地区,85414,2020年10月01日
中国大陆地区,85424,2020年10月02日
中国大陆地区,85434,2020年10月03日
中国大陆地区,85450,2020年10月04日
中国大陆地区,85470,2020年10月05日
中国大陆地区,85482,2020年10月06日
中国大陆地区,85489,2020年10月07日
中国大陆地区,85500,2020年10月08日
中国大陆地区,85521,2020年10月09日
中国大陆地区,85536,2020年10月10日
中国大陆地区,85557,2020年10月11日
中国大陆地区,85578,2020年10月12日
中国大陆地区,85591,2020年10月13日
中国大陆地区,85611,2020年10月14日
中国大陆地区,85622,2020年10月15日
中国大陆地区,85646,2020年10月16日
中国大陆地区,85659,2020年10月17日
中国大陆地区,85672,2020年10月18日
中国大陆地区,85685,2020年10月19日
中国大陆地区,85704,2020年10月20日
中国大陆地区,85715,2020年10月21日
中国大陆地区,85729,2020年10月22日
中国大陆地区,85747,2020年10月23日
中国大陆地区,85775,2020年10月24日
中国大陆地区,85790,2020年10月25日
中国大陆地区,85810,2020年10月26日
中国大陆地区,85826,2020年10月27日
中国大陆地区,85868,2020年10月28日
中国大陆地区,85915,2020年10月29日
中国大陆地区,85940,2020年10月30日
中国大陆地区,85973,2020年10月31日
中国大陆地区,85997,2020年11月01日
中国大陆地区,86021,2020年11月02日
中国大陆地区,86070,2020年11月03日
中国大陆地区,86087,2020年11月04日
中国大陆地区,86115,2020年11月05日
中国大陆地区,86151,2020年11月06日
中国大陆地区,86184,2020年11月07日
中国大陆地区,86212,2020年11月08日
中国大陆地区,86245,2020年11月09日
中国大陆地区,86267,2020年11月10日
中国大陆地区,86284,2020年11月11日
中国大陆地区,86299,2020年11月12日
中国大陆地区,86307,2020年11月13日
中国大陆地区,86325,2020年11月14日
中国大陆地区,86338,2020年11月15日
中国大陆地区,86346,2020年11月16日
中国大陆地区,86361,2020年11月17日
中国大陆地区,86369,2020年11月18日
中国大陆地区,86381,2020年11月19日
中国大陆地区,86398,2020年11月20日
中国大陆地区,86414,2020年11月21日
中国大陆地区,86431,2020年11月22日
中国大陆地区,86442,2020年11月23日
中国大陆地区,86464,2020年11月24日
中国大陆地区,86469,2020年11月25日
中国大陆地区,86490,2020年11月26日
中国大陆地区,86495,2020年11月27日
中国大陆地区,86501,2020年11月28日
中国大陆地区,86512,2020年11月29日
中国大陆地区,86530,2020年11月30日
中国大陆地区,86542,2020年12月01日
中国大陆地区,86551,2020年12月02日
中国大陆地区,86567,2020年12月03日
中国大陆地区,86584,2020年12月04日
中国大陆地区,86601,2020年12月05日
中国大陆地区,86619,2020年12月06日
中国大陆地区,86634,2020年12月07日
中国大陆地区,86646,2020年12月08日
中国大陆地区,86661,2020年12月09日
中国大陆地区,86673,2020年12月10日
中国大陆地区,86688,2020年12月11日
中国大陆地区,86701,2020年12月12日
中国大陆地区,86725,2020年12月13日
中国大陆地区,86741,2020年12月14日
中国大陆地区,86758,2020年12月15日
中国大陆地区,86770,2020年12月16日
中国大陆地区,86777,2020年12月17日
中国大陆地区,86789,2020年12月18日
中国大陆地区,86806,2020年12月19日
中国大陆地区,86829,2020年12月20日
中国大陆地区,86852,2020年12月21日
中国大陆地区,86867,2020年12月22日
中国大陆地区,86882,2020年12月23日
中国大陆地区,86899,2020年12月24日
中国大陆地区,86913,2020年12月25日
中国大陆地区,86933,2020年12月26日
中国大陆地区,86955,2020年12月27日
中国大陆地区,86976,2020年12月28日
中国大陆地区,87003,2020年12月29日
中国大陆地区,87027,2020年12月30日
中国大陆地区,87052,2020年12月31日
中国大陆地区,87071,2021年01月01日
中国大陆地区,87093,2021年01月02日
中国大陆地区,87117,2021年01月03日
中国大陆地区,87150,2021年01月04日
中国大陆地区,87183,2021年01月05日
中国大陆地区,87215,2021年01月06日
中国大陆地区,87278,2021年01月07日
中国大陆地区,87331,2021年01月08日
中国大陆地区,87364,2021年01月09日
中国大陆地区,87433,2021年01月10日
中国大陆地区,87536,2021年01月11日
中国大陆地区,87591,2021年01月12日
中国大陆地区,87706,2021年01月13日
中国大陆地区,87844,2021年01月14日
中国大陆地区,87988,2021年01月15日
中国大陆地区,88118,2021年01月16日
中国大陆地区,88227,2021年01月17日
中国大陆地区,88336,2021年01月18日
中国大陆地区,88454,2021年01月19日
中国大陆地区,88557,2021年01月20日
中国大陆地区,88701,2021年01月21日
中国大陆地区,88804,2021年01月22日
中国大陆地区,88911,2021年01月23日
中国大陆地区,88991,2021年01月24日
中国大陆地区,89115,2021年01月25日
中国大陆地区,89197,2021年01月26日
中国大陆地区,89272,2021年01月27日
中国大陆地区,89326,2021年01月28日
中国大陆地区,89378,2021年01月29日
中国大陆地区,89430,2021年01月30日
中国大陆地区,89522,2021年01月31日
中国大陆地区,89564,2021年02月01日
中国大陆地区,89594,2021年02月02日
中国大陆地区,89619,2021年02月03日
中国大陆地区,89649,2021年02月04日
中国大陆地区,89669,2021年02月05日
中国大陆地区,89681,2021年02月06日
中国大陆地区,89692,2021年02月07日
中国大陆地区,89706,2021年02月08日
中国大陆地区,89720,2021年02月09日
中国大陆地区,89734,2021年02月10日
中国大陆地区,89736,2021年02月11日
中国大陆地区,89748,2021年02月12日
中国大陆地区,89756,2021年02月13日
中国大陆地区,89763,2021年02月14日
中国大陆地区,89772,2021年02月15日
中国大陆地区,89788,2021年02月16日
中国大陆地区,89795,2021年02月17日
中国大陆地区,89806,2021年02月18日
中国大陆地区,89816,2021年02月19日
中国大陆地区,89824,2021年02月20日
中国大陆地区,89831,2021年02月21日
中国大陆地区,89842,2021年02月22日
中国大陆地区,89852,2021年02月23日
中国大陆地区,89864,2021年02月24日
中国大陆地区,89871,2021年02月25日
中国大陆地区,89877,2021年02月26日
中国大陆地区,89887,2021年02月27日
中国大陆地区,89893,2021年02月28日
中国大陆地区,89912,2021年03月01日
中国大陆地区,89923,2021年03月02日
中国大陆地区,89933,2021年03月03日
中国大陆地区,89943,2021年03月04日
中国大陆地区,89952,2021年03月05日
中国大陆地区,89962,2021年03月06日
中国大陆地区,89975,2021年03月07日
中国大陆地区,89994,2021年03月08日
中国大陆地区,90002,2021年03月09日
中国大陆地区,90007,2021年03月10日
中国大陆地区,90018,2021年03月11日
中国大陆地区,90027,2021年03月12日
中国大陆地区,90034,2021年03月13日
中国大陆地区,90044,2021年03月14日
中国大陆地区,90049,2021年03月15日
中国大陆地区,90062,2021年03月16日
中国大陆地区,90066,2021年03月17日
中国大陆地区,90072,2021年03月18日
中国大陆地区,90083,2021年03月19日
中国大陆地区,90087,2021年03月20日
中国大陆地区,90099,2021年03月21日
中国大陆地区,90106,2021年03月22日
中国大陆地区,90115,2021年03月23日
中国大陆地区,90125,2021年03月24日
中国大陆地区,90136,2021年03月25日
中国大陆地区,90147,2021年03月26日
中国大陆地区,90159,2021年03月27日
中国大陆地区,90167,2021年03月28日
中国大陆地区,90182,2021年03月29日
中国大陆地区,90190,2021年03月30日
中国大陆地区,90201,2021年03月31日
中国大陆地区,90217,2021年04月01日
中国大陆地区,90226,2021年04月02日
中国大陆地区,90252,2021年04月03日
中国大陆地区,90273,2021年04月04日
中国大陆地区,90305,2021年04月05日
中国大陆地区,90329,2021年04月06日
中国大陆地区,90341,2021年04月07日
中国大陆地区,90365,2021年04月08日
中国大陆地区,90386,2021年04月09日
中国大陆地区,90400,2021年04月10日
中国大陆地区,90410,2021年04月11日
中国大陆地区,90426,2021年04月12日
中国大陆地区,90435,2021年04月13日
中国大陆地区,90447,2021年04月14日
中国大陆地区,90457,2021年04月15日
中国大陆地区,90468,2021年04月16日
中国大陆地区,90483,2021年04月17日
中国大陆地区,90499,2021年04月18日
中国大陆地区,90510,2021年04月19日
中国大陆地区,90520,2021年04月20日
中国大陆地区,90541,2021年04月21日
中国大陆地区,90547,2021年04月22日
中国大陆地区,90566,2021年04月23日
中国大陆地区,90575,2021年04月24日
中国大陆地区,90588,2021年04月25日
中国大陆地区,90599,2021年04月26日
中国大陆地区,90610,2021年04月27日
中国大陆地区,90622,2021年04月28日
中国大陆地区,90642,2021年04月29日
中国大陆地区,90655,2021年04月30日
中国大陆地区,90671,2021年05月01日
中国大陆地区,90686,2021年05月02日
中国大陆地区,90697,2021年05月03日
中国大陆地区,90714,2021年05月04日
中国大陆地区,90721,2021年05月05日
中国大陆地区,90726,2021年05月06日
中国大陆地区,90739,2021年05月07日
中国大陆地区,90746,2021年05月08日
中国大陆地区,90758,2021年05月09日
中国大陆地区,90769,2021年05月10日
中国大陆地区,90783,2021年05月11日
中国大陆地区,90799,2021年05月12日
中国大陆地区,90808,2021年05月13日
中国大陆地区,90815,2021年05月14日
中国大陆地区,90829,2021年05月15日
中国大陆地区,90847,2021年05月16日
中国大陆地区,90872,2021年05月17日
中国大陆地区,90894,2021年05月18日
中国大陆地区,90908,2021年05月19日
中国大陆地区,90920,2021年05月20日
中国大陆地区,90944,2021年05月21日
中国大陆地区,90954,2021年05月22日
中国大陆地区,90973,2021年05月23日
中国大陆地区,90991,2021年05月24日
中国大陆地区,91006,2021年05月25日
中国大陆地区,91019,2021年05月26日
中国大陆地区,91038,2021年05月27日
中国大陆地区,91045,2021年05月28日
中国大陆地区,91061,2021年05月29日
中国大陆地区,91072,2021年05月30日
中国大陆地区,91099,2021年05月31日
中国大陆地区,91122,2021年06月01日
中国大陆地区,91146,2021年06月02日
中国大陆地区,91170,2021年06月03日
中国大陆地区,91194,2021年06月04日
中国大陆地区,91218,2021年06月05日
中国大陆地区,91248,2021年06月06日
中国大陆地区,91267,2021年06月07日
中国大陆地区,91300,2021年06月08日
中国大陆地区,91316,2021年06月09日
中国大陆地区,91337,2021年06月10日
中国大陆地区,91359,2021年06月11日
中国大陆地区,91394,2021年06月12日
中国大陆地区,91428,2021年06月13日
中国大陆地区,91451,2021年06月14日
中国大陆地区,91471,2021年06月15日
中国大陆地区,91492,2021年06月16日
中国大陆地区,91511,2021年06月17日
中国大陆地区,91534,2021年06月18日
中国大陆地区,91564,2021年06月19日
中国大陆地区,91587,2021年06月20日
中国大陆地区,91604,2021年06月21日
中国大陆地区,91629,2021年06月22日
中国大陆地区,91653,2021年06月23日
中国大陆地区,91669,2021年06月24日
中国大陆地区,91693,2021年06月25日
中国大陆地区,91718,2021年06月26日
中国大陆地区,91732,2021年06月27日
中国大陆地区,91753,2021年06月28日
中国大陆地区,91771,2021年06月29日
中国大陆地区,91780,2021年06月30日
中国大陆地区,91792,2021年07月01日
中国大陆地区,91810,2021年07月02日
中国大陆地区,91833,2021年07月03日
中国大陆地区,91847,2021年07月04日
中国大陆地区,91869,2021年07月05日
中国大陆地区,91892,2021年07月06日
中国大陆地区,91949,2021年07月07日
中国大陆地区,91966,2021年07月08日
中国大陆地区,91989,2021年07月09日
中国大陆地区,92015,2021年07月10日
中国大陆地区,92039,2021年07月11日
中国大陆地区,92066,2021年07月12日
中国大陆地区,92095,2021年07月13日
中国大陆地区,92119,2021年07月14日
中国大陆地区,92147,2021年07月15日
中国大陆地区,92183,2021年07月16日
中国大陆地区,92213,2021年07月17日
中国大陆地区,92246,2021年07月18日
中国大陆地区,92277,2021年07月19日
中国大陆地区,92342,2021年07月20日
中国大陆地区,92364,2021年07月21日
中国大陆地区,92414,2021年07月22日
中国大陆地区,92462,2021年07月23日
中国大陆地区,92497,2021年07月24日
中国大陆地区,92529,2021年07月25日
中国大陆地区,92605,2021年07月26日
中国大陆地区,92676,2021年07月27日
中国大陆地区,92762,2021年07月28日
中国大陆地区,92811,2021年07月29日
中国大陆地区,92875,2021年07月30日
中国大陆地区,92930,2021年07月31日
中国大陆地区,93005,2021年08月01日
中国大陆地区,93103,2021年08月02日
中国大陆地区,93193,2021年08月03日
中国大陆地区,93289,2021年08月04日
中国大陆地区,93374,2021年08月05日
中国大陆地区,93498,2021年08月06日
中国大陆地区,93605,2021年08月07日
中国大陆地区,93701,2021年08月08日
中国大陆地区,93826,2021年08月09日
中国大陆地区,93969,2021年08月10日
中国大陆地区,94080,2021年08月11日
中国大陆地区,94161,2021年08月12日
中国大陆地区,94260,2021年08月13日
中国大陆地区,94326,2021年08月14日
中国大陆地区,94379,2021年08月15日
中国大陆地区,94430,2021年08月16日
中国大陆地区,94472,2021年08月17日
中国大陆地区,94500,2021年08月18日
中国大陆地区,94546,2021年08月19日
中国大陆地区,94579,2021年08月20日
中国大陆地区,94599,2021年08月21日
中国大陆地区,94631,2021年08月22日
中国大陆地区,94652,2021年08月23日
中国大陆地区,94687,2021年08月24日
中国大陆地区,94707,2021年08月25日
中国大陆地区,94733,2021年08月26日
中国大陆地区,94765,2021年08月27日
中国大陆地区,94786,2021年08月28日
中国大陆地区,94819,2021年08月29日
中国大陆地区,94842,2021年08月30日
中国大陆地区,94879,2021年08月31日
中国大陆地区,94898,2021年09月01日
中国大陆地区,94926,2021年09月02日
中国大陆地区,94954,2021年09月03日
中国大陆地区,94982,2021年09月04日
中国大陆地区,95010,2021年09月05日
中国大陆地区,95028,2021年09月06日
中国大陆地区,95064,2021年09月07日
中国大陆地区,95083,2021年09月08日
中国大陆地区,95111,2021年09月09日
中国大陆地区,95128,2021年09月10日
中国大陆地区,95153,2021年09月11日
中国大陆地区,95199,2021年09月12日
中国大陆地区,95248,2021年09月13日
中国大陆地区,95340,2021年09月14日
中国大陆地区,95413,2021年09月15日
中国大陆地区,95493,2021年09月16日
中国大陆地区,95577,2021年09月17日
中国大陆地区,95623,2021年09月18日
中国大陆地区,95689,2021年09月19日
中国大陆地区,95738,2021年09月20日
中国大陆地区,95810,2021年09月21日
中国大陆地区,95851,2021年09月22日
中国大陆地区,95894,2021年09月23日
中国大陆地区,95948,2021年09月24日
中国大陆地区,95986,2021年09月25日
中国大陆地区,96015,2021年09月26日
中国大陆地区,96050,2021年09月27日
中国大陆地区,96081,2021年09月28日
中国大陆地区,96106,2021年09月29日
中国大陆地区,96128,2021年09月30日
中国大陆地区,96162,2021年10月01日
中国大陆地区,96203,2021年10月02日
中国大陆地区,96231,2021年10月03日
中国大陆地区,96258,2021年10月04日
中国大陆地区,96284,2021年10月05日
中国大陆地区,96310,2021年10月06日
中国大陆地区,96335,2021年10月07日
中国大陆地区,96357,2021年10月08日
中国大陆地区,96374,2021年10月09日
中国大陆地区,96398,2021年10月10日
中国大陆地区,96423,2021年10月11日
中国大陆地区,96435,2021年10月12日
中国大陆地区,96457,2021年10月13日
中国大陆地区,96478,2021年10月14日
中国大陆地区,96488,2021年10月15日
中国大陆地区,96502,2021年10月16日
中国大陆地区,96522,2021年10月17日
中国大陆地区,96546,2021年10月18日
中国大陆地区,96571,2021年10月19日
中国大陆地区,96601,2021年10月20日
中国大陆地区,96622,2021年10月21日
中国大陆地区,96665,2021年10月22日
中国大陆地区,96715,2021年10月23日
中国大陆地区,96758,2021年10月24日
中国大陆地区,96797,2021年10月25日
中国大陆地区,96840,2021年10月26日
中国大陆地区,96899,2021年10月27日
中国大陆地区,96938,2021年10月28日
中国大陆地区,97002,2021年10月29日
中国大陆地区,97080,2021年10月30日
中国大陆地区,97151,2021年10月31日
中国大陆地区,97243,2021年11月01日
中国大陆地区,97314,2021年11月02日
中国大陆地区,97423,2021年11月03日
中国大陆地区,97527,2021年11月04日
中国大陆地区,97605,2021年11月05日
中国大陆地区,97660,2021年11月06日
中国大陆地区,97734,2021年11月07日
中国大陆地区,97823,2021年11月08日
中国大陆地区,97885,2021年11月09日
中国大陆地区,97939,2021年11月10日
中国大陆地区,98001,2021年11月11日
中国大陆地区,98099,2021年11月12日
中国大陆地区,98174,2021年11月13日
中国大陆地区,98263,2021年11月14日
中国大陆地区,98315,2021年11月15日
中国大陆地区,98337,2021年11月16日
中国大陆地区,98368,2021年11月17日
中国大陆地区,98403,2021年11月18日
中国大陆地区,98427,2021年11月19日
中国大陆地区,98450,2021年11月20日
中国大陆地区,98467,2021年11月21日
中国大陆地区,98505,2021年11月22日
中国大陆地区,98524,2021年11月23日
中国大陆地区,98546,2021年11月24日
中国大陆地区,98570,2021年11月25日
中国大陆地区,98583,2021年11月26日
中国大陆地区,98608,2021年11月27日
中国大陆地区,98631,2021年11月28日
中国大陆地区,98672,2021年11月29日
中国大陆地区,98711,2021年11月30日
中国大陆地区,98824,2021年12月01日
中国大陆地区,98897,2021年12月02日
中国大陆地区,98993,2021年12月03日
中国大陆地区,99083,2021年12月04日
中国大陆地区,99142,2021年12月05日
中国大陆地区,99203,2021年12月06日
中国大陆地区,99297,2021年12月07日
中国大陆地区,99371,2021年12月08日
中国大陆地区,99454,2021年12月09日
中国大陆地区,99517,2021年12月10日
中国大陆地区,99604,2021年12月11日
中国大陆地区,99679,2021年12月12日
中国大陆地区,99780,2021年12月13日
中国大陆地区,99856,2021年12月14日
中国大陆地区,99923,2021年12月15日
中国大陆地区,100000,2021年12月16日
中国大陆地区,100076,2021年12月17日
中国大陆地区,100201,2021年12月18日
中国大陆地区,100284,2021年12月19日
中国大陆地区,100386,2021年12月20日
中国大陆地区,100467,2021年12月21日
中国大陆地区,100544,2021年12月22日
中国大陆地区,100644,2021年12月23日
中国大陆地区,100731,2021年12月24日
中国大陆地区,100871,2021年12月25日
中国大陆地区,101077,2021年12月26日
中国大陆地区,101277,2021年12月27日
中国大陆地区,101486,2021年12月28日
中国大陆地区,101683,2021年12月29日
中国大陆地区,101890,2021年12月30日
中国大陆地区,102083,2021年12月31日
中国大陆地区,102314,2022年01月01日
中国大陆地区,102505,2022年01月02日
中国大陆地区,102666,2022年01月03日
中国大陆地区,102841,2022年01月04日
中国大陆地区,102932,2022年01月05日
中国大陆地区,103121,2022年01月06日
中国大陆地区,103295,2022年01月07日
中国大陆地区,103454,2022年01月08日
中国大陆地区,103619,2022年01月09日
中国大陆地区,103776,2022年01月10日
中国大陆地区,103968,2022年01月11日
中国大陆地区,104189,2022年01月12日
中国大陆地区,104379,2022年01月13日
中国大陆地区,104580,2022年01月14日
中国大陆地区,104745,2022年01月15日
中国大陆地区,104864,2022年01月16日
中国大陆地区,105087,2022年01月17日
中国大陆地区,105258,2022年01月18日
中国大陆地区,105345,2022年01月19日
中国大陆地区,105411,2022年01月20日
中国大陆地区,105484,2022年01月21日
中国大陆地区,105547,2022年01月22日
中国大陆地区,105603,2022年01月23日
中国大陆地区,105660,2022年01月24日
中国大陆地区,105705,2022年01月25日
中国大陆地区,105749,2022年01月26日
中国大陆地区,105811,2022年01月27日
中国大陆地区,105875,2022年01月28日
中国大陆地区,105934,2022年01月29日
中国大陆地区,106015,2022年01月30日
中国大陆地区,106073,2022年01月31日
中国大陆地区,106139,2022年02月01日
中国大陆地区,106202,2022年02月02日
中国大陆地区,106241,2022年02月03日
中国大陆地区,106270,2022年02月04日
中国大陆地区,106297,2022年02月05日
中国大陆地区,106340,2022年02月06日
中国大陆地区,106419,2022年02月07日
中国大陆地区,106524,2022年02月08日
中国大陆地区,106634,2022年02月09日
中国大陆地区,106663,2022年02月10日
中国大陆地区,106764,2022年02月11日
中国大陆地区,106863,2022年02月12日
中国大陆地区,106930,2022年02月13日
中国大陆地区,107014,2022年02月14日
中国大陆地区,107094,2022年02月15日
中国大陆地区,107196,2022年02月16日
中国大陆地区,107288,2022年02月17日
中国大陆地区,107375,2022年02月18日
中国大陆地区,107512,2022年02月19日
中国大陆地区,107707,2022年02月20日
中国大陆地区,107851,2022年02月21日
中国大陆地区,107989,2022年02月22日
中国大陆地区,108194,2022年02月23日
中国大陆地区,108380,2022年02月24日
中国大陆地区,108604,2022年02月25日
中国大陆地区,108853,2022年02月26日
中国大陆地区,109092,2022年02月27日
中国大陆地区,109326,2022年02月28日
中国大陆地区,109526,2022年03月01日
中国大陆地区,109750,2022年03月02日
中国大陆地区,109964,2022年03月03日
中国大陆地区,110258,2022年03月04日
中国大陆地区,110539,2022年03月05日
中国大陆地区,110868,2022年03月06日
中国大陆地区,111195,2022年03月07日
中国大陆地区,111520,2022年03月08日
中国大陆地区,111857,2022年03月09日
中国大陆地区,112385,2022年03月10日
中国大陆地区,112940,2022年03月11日
中国大陆地区,113528,2022年03月12日
中国大陆地区,115466,2022年03月13日
中国大陆地区,116902,2022年03月14日
中国大陆地区,120504,2022年03月15日
中国大陆地区,122456,2022年03月16日
中国大陆地区,123773,2022年03月17日
中国大陆地区,126234,2022年03月18日
中国大陆地区,128462,2022年03月19日
中国大陆地区,130199,2022年03月20日
中国大陆地区,132226,2022年03月21日
中国大陆地区,134564,2022年03月22日
中国大陆地区,137231,2022年03月23日
中国大陆地区,139285,2022年03月24日
中国大陆地区,140651,2022年03月25日
中国大陆地区,141986,2022年03月26日
中国大陆地区,143240,2022年03月27日
中国大陆地区,144515,2022年03月28日
中国大陆地区,145808,2022年03月29日
中国大陆地区,147437,2022年03月30日
中国大陆地区,149276,2022年03月31日
中国大陆地区,151103,2022年04月01日
中国大陆地区,153232,2022年04月02日
中国大陆地区,154738,2022年04月03日
中国大陆地区,156143,2022年04月04日
中国大陆地区,157378,2022年04月05日
中国大陆地区,158793,2022年04月06日
中国大陆地区,160116,2022年04月07日
中国大陆地区,161692,2022年04月08日
中国大陆地区,163042,2022年04月09日
中国大陆地区,164393,2022年04月10日
中国大陆地区,165577,2022年04月11日
中国大陆地区,166849,2022年04月12日
中国大陆地区,168362,2022年04月13日
中国大陆地区,171382,2022年04月14日
中国大陆地区,174868,2022年04月15日
中国大陆地区,178764,2022年04月16日
中国大陆地区,182293,2022年04月17日
中国大陆地区,185035,2022年04月18日
中国大陆地区,188351,2022年04月19日
中国大陆地区,191112,2022年04月20日
中国大陆地区,193953,2022年04月21日
中国大陆地区,196086,2022年04月22日
中国大陆地区,199074,2022年04月23日
中国大陆地区,200654,2022年04月24日
中国大陆地区,203334,2022年04月25日
中国大陆地区,205257,2022年04月26日
中国大陆地区,207081,2022年04月27日
中国大陆地区,208584,2022年04月28日
中国大陆地区,214243,2022年04月29日
中国大陆地区,215667,2022年04月30日
中国大陆地区,216587,2022年05月01日
中国大陆地区,217452,2022年05月02日
中国大陆地区,217836,2022年05月03日
中国大陆地区,218198,2022年05月04日
中国大陆地区,218571,2022年05月05日
中国大陆地区,218945,2022年05月06日
中国大陆地区,219296,2022年05月07日
中国大陆地区,219625,2022年05月08日
中国大陆地区,220040,2022年05月09日
中国大陆地区,220397,2022年05月10日
中国大陆地区,220721,2022年05月11日
中国大陆地区,220958,2022年05月12日
中国大陆地区,221289,2022年05月13日
中国大陆地区,221565,2022年05月14日
中国大陆地区,221804,2022年05月15日
中国大陆地区,221955,2022年05月16日
中国大陆地区,222130,2022年05月17日
中国大陆地区,222370,2022年05月18日
中国大陆地区,222582,2022年05月19日
中国大陆地区,222775,2022年05月20日
中国大陆地区,222976,2022年05月21日
中国大陆地区,223145,2022年05月22日
中国大陆地区,223332,2022年05月23日
中国大陆地区,223488,2022年05月24日
中国大陆地区,223605,2022年05月25日
中国大陆地区,223735,2022年05月26日
中国大陆地区,223837,2022年05月27日
中国大陆地区,223933,2022年05月28日
中国大陆地区,224015,2022年05月29日
中国大陆地区,224049,2022年05月30日
中国大陆地区,224099,2022年05月31日
中国大陆地区,224134,2022年06月01日
中国大陆地区,224171,2022年06月02日
中国大陆地区,224208,2022年06月03日
中国大陆地区,224254,2022年06月04日
中国大陆地区,224310,2022年06月05日
中国大陆地区,224341,2022年06月06日
中国大陆地区,224398,2022年06月07日
中国大陆地区,224465,2022年06月08日
中国大陆地区,224535,2022年06月09日
中国大陆地区,224580,2022年06月10日
中国大陆地区,224659,2022年06月11日
中国大陆地区,224793,2022年06月12日
中国大陆地区,224882,2022年06月13日
中国大陆地区,224977,2022年06月14日
中国大陆地区,225054,2022年06月15日
中国大陆地区,225118,2022年06月16日
中国大陆地区,225172,2022年06月17日
中国大陆地区,225207,2022年06月18日
中国大陆地区,225243,2022年06月19日
中国大陆地区,225281,2022年06月20日
中国大陆地区,225318,2022年06月21日
中国大陆地区,225349,2022年06月22日
中国大陆地区,225397,2022年06月23日
中国大陆地区,225434,2022年06月24日
中国大陆地区,225487,2022年06月25日
中国大陆地区,225526,2022年06月26日
中国大陆地区,225565,2022年06月27日
中国大陆地区,225581,2022年06月28日
中国大陆地区,225605,2022年06月29日
中国大陆地区,225638,2022年06月30日
中国大陆地区,225675,2022年07月01日
中国大陆地区,225747,2022年07月02日
中国大陆地区,225851,2022年07月03日
中国大陆地区,225923,2022年07月04日
中国大陆地区,226035,2022年07月05日
中国大陆地区,226176,2022年07月06日
中国大陆地区,226300,2022年07月07日
中国大陆地区,226397,2022年07月08日
中国大陆地区,226509,2022年07月09日
中国大陆地区,226610,2022年07月10日
中国大陆地区,226704,2022年07月11日
中国大陆地区,226811,2022年07月12日
中国大陆地区,226909,2022年07月13日
中国大陆地区,227030,2022年07月14日
中国大陆地区,227143,2022年07月15日
中国大陆地区,227272,2022年07月16日
中国大陆地区,227426,2022年07月17日
中国大陆地区,227593,2022年07月18日
中国大陆地区,227830,2022年07月19日
中国大陆地区,227980,2022年07月20日
中国大陆地区,228180,2022年07月21日
中国大陆地区,228355,2022年07月22日
中国大陆地区,228519,2022年07月23日
中国大陆地区,228648,2022年07月24日
中国大陆地区,228798,2022年07月25日
中国大陆地区,228946,2022年07月26日
中国大陆地区,229066,2022年07月27日
中国大陆地区,229185,2022年07月28日
中国大陆地区,229294,2022年07月29日
中国大陆地区,229394,2022年07月30日
中国大陆地区,229510,2022年07月31日
中国大陆地区,229594,2022年08月01日
中国大陆地区,229701,2022年08月02日
中国大陆地区,229802,2022年08月03日
中国大陆地区,229913,2022年08月04日
中国大陆地区,230135,2022年08月05日
中国大陆地区,230496,2022年08月06日
中国大陆地区,230886,2022年08月07日
中国大陆地区,231266,2022年08月08日
中国大陆地区,231665,2022年08月09日
中国大陆地区,232109,2022年08月10日
中国台湾省,18,2020年02月15日
中国台湾省,20,2020年02月16日
中国台湾省,22,2020年02月17日
中国台湾省,22,2020年02月18日
中国台湾省,23,2020年02月19日
中国台湾省,24,2020年02月20日
中国台湾省,26,2020年02月21日
中国台湾省,26,2020年02月22日
中国台湾省,28,2020年02月23日
中国台湾省,30,2020年02月24日
中国台湾省,31,2020年02月25日
中国台湾省,32,2020年02月26日
中国台湾省,32,2020年02月27日
中国台湾省,34,2020年02月28日
中国台湾省,39,2020年02月29日
中国台湾省,40,2020年03月01日
中国台湾省,41,2020年03月02日
中国台湾省,42,2020年03月03日
中国台湾省,42,2020年03月04日
中国台湾省,44,2020年03月05日
中国台湾省,45,2020年03月06日
中国台湾省,45,2020年03月07日
中国台湾省,45,2020年03月08日
中国台湾省,45,2020年03月09日
中国台湾省,47,2020年03月10日
中国台湾省,48,2020年03月11日
中国台湾省,49,2020年03月12日
中国台湾省,50,2020年03月13日
中国台湾省,53,2020年03月14日
中国台湾省,59,2020年03月15日
中国台湾省,67,2020年03月16日
中国台湾省,77,2020年03月17日
中国台湾省,100,2020年03月18日
中国台湾省,108,2020年03月19日
中国台湾省,135,2020年03月20日
中国台湾省,153,2020年03月21日
中国台湾省,169,2020年03月22日
中国台湾省,195,2020年03月23日
中国台湾省,216,2020年03月24日
中国台湾省,235,2020年03月25日
中国台湾省,252,2020年03月26日
中国台湾省,267,2020年03月27日
中国台湾省,283,2020年03月28日
中国台湾省,298,2020年03月29日
中国台湾省,306,2020年03月30日
中国台湾省,322,2020年03月31日
中国台湾省,329,2020年04月01日
中国台湾省,339,2020年04月02日
中国台湾省,348,2020年04月03日
中国台湾省,355,2020年04月04日
中国台湾省,363,2020年04月05日
中国台湾省,373,2020年04月06日
中国台湾省,376,2020年04月07日
中国台湾省,379,2020年04月08日
中国台湾省,380,2020年04月09日
中国台湾省,382,2020年04月10日
中国台湾省,385,2020年04月11日
中国台湾省,388,2020年04月12日
中国台湾省,393,2020年04月13日
中国台湾省,393,2020年04月14日
中国台湾省,395,2020年04月15日
中国台湾省,395,2020年04月16日
中国台湾省,395,2020年04月17日
中国台湾省,398,2020年04月18日
中国台湾省,420,2020年04月19日
中国台湾省,422,2020年04月20日
中国台湾省,425,2020年04月21日
中国台湾省,426,2020年04月22日
中国台湾省,427,2020年04月23日
中国台湾省,428,2020年04月24日
中国台湾省,429,2020年04月25日
中国台湾省,429,2020年04月26日
中国台湾省,429,2020年04月27日
中国台湾省,429,2020年04月28日
中国台湾省,429,2020年04月29日
中国台湾省,429,2020年04月30日
中国台湾省,429,2020年05月01日
中国台湾省,432,2020年05月02日
中国台湾省,432,2020年05月03日
中国台湾省,438,2020年05月04日
中国台湾省,438,2020年05月05日
中国台湾省,439,2020年05月06日
中国台湾省,440,2020年05月07日
中国台湾省,440,2020年05月08日
中国台湾省,440,2020年05月09日
中国台湾省,440,2020年05月10日
中国台湾省,440,2020年05月11日
中国台湾省,440,2020年05月12日
中国台湾省,440,2020年05月13日
中国台湾省,440,2020年05月14日
中国台湾省,440,2020年05月15日
中国台湾省,440,2020年05月16日
中国台湾省,440,2020年05月17日
中国台湾省,440,2020年05月18日
中国台湾省,440,2020年05月19日
中国台湾省,440,2020年05月20日
中国台湾省,441,2020年05月21日
中国台湾省,441,2020年05月22日
中国台湾省,441,2020年05月23日
中国台湾省,441,2020年05月24日
中国台湾省,441,2020年05月25日
中国台湾省,441,2020年05月26日
中国台湾省,441,2020年05月27日
中国台湾省,441,2020年05月28日
中国台湾省,442,2020年05月29日
中国台湾省,442,2020年05月30日
中国台湾省,442,2020年05月31日
中国台湾省,443,2020年06月01日
中国台湾省,443,2020年06月02日
中国台湾省,443,2020年06月03日
中国台湾省,443,2020年06月04日
中国台湾省,443,2020年06月05日
中国台湾省,443,2020年06月06日
中国台湾省,443,2020年06月07日
中国台湾省,443,2020年06月08日
中国台湾省,443,2020年06月09日
中国台湾省,443,2020年06月10日
中国台湾省,443,2020年06月11日
中国台湾省,443,2020年06月12日
中国台湾省,443,2020年06月13日
中国台湾省,443,2020年06月14日
中国台湾省,445,2020年06月15日
中国台湾省,445,2020年06月16日
中国台湾省,445,2020年06月17日
中国台湾省,446,2020年06月18日
中国台湾省,446,2020年06月19日
中国台湾省,446,2020年06月20日
中国台湾省,446,2020年06月21日
中国台湾省,446,2020年06月22日
中国台湾省,446,2020年06月23日
中国台湾省,446,2020年06月24日
中国台湾省,447,2020年06月25日
中国台湾省,447,2020年06月26日
中国台湾省,447,2020年06月27日
中国台湾省,447,2020年06月28日
中国台湾省,447,2020年06月29日
中国台湾省,447,2020年06月30日
中国台湾省,447,2020年07月01日
中国台湾省,448,2020年07月02日
中国台湾省,449,2020年07月03日
中国台湾省,449,2020年07月04日
中国台湾省,449,2020年07月05日
中国台湾省,449,2020年07月06日
中国台湾省,449,2020年07月07日
中国台湾省,449,2020年07月08日
中国台湾省,449,2020年07月09日
中国台湾省,451,2020年07月10日
中国台湾省,451,2020年07月11日
中国台湾省,451,2020年07月12日
中国台湾省,451,2020年07月13日
中国台湾省,451,2020年07月14日
中国台湾省,451,2020年07月15日
中国台湾省,452,2020年07月16日
中国台湾省,454,2020年07月17日
中国台湾省,454,2020年07月18日
中国台湾省,455,2020年07月19日
中国台湾省,455,2020年07月20日
中国台湾省,455,2020年07月21日
中国台湾省,455,2020年07月22日
中国台湾省,455,2020年07月23日
中国台湾省,458,2020年07月24日
中国台湾省,458,2020年07月25日
中国台湾省,458,2020年07月26日
中国台湾省,462,2020年07月27日
中国台湾省,467,2020年07月28日
中国台湾省,467,2020年07月29日
中国台湾省,467,2020年07月30日
中国台湾省,467,2020年07月31日
中国台湾省,474,2020年08月01日
中国台湾省,475,2020年08月02日
中国台湾省,475,2020年08月03日
中国台湾省,476,2020年08月04日
中国台湾省,476,2020年08月05日
中国台湾省,477,2020年08月06日
中国台湾省,477,2020年08月07日
中国台湾省,479,2020年08月08日
中国台湾省,480,2020年08月09日
中国台湾省,480,2020年08月10日
中国台湾省,480,2020年08月11日
中国台湾省,481,2020年08月12日
中国台湾省,481,2020年08月13日
中国台湾省,481,2020年08月14日
中国台湾省,482,2020年08月15日
中国台湾省,484,2020年08月16日
中国台湾省,485,2020年08月17日
中国台湾省,486,2020年08月18日
中国台湾省,486,2020年08月19日
中国台湾省,486,2020年08月20日
中国台湾省,487,2020年08月21日
中国台湾省,487,2020年08月22日
中国台湾省,487,2020年08月23日
中国台湾省,487,2020年08月24日
中国台湾省,487,2020年08月25日
中国台湾省,487,2020年08月26日
中国台湾省,487,2020年08月27日
中国台湾省,487,2020年08月28日
中国台湾省,488,2020年08月29日
中国台湾省,488,2020年08月30日
中国台湾省,488,2020年08月31日
中国台湾省,488,2020年09月01日
中国台湾省,489,2020年09月02日
中国台湾省,489,2020年09月03日
中国台湾省,490,2020年09月04日
中国台湾省,492,2020年09月05日
中国台湾省,493,2020年09月06日
中国台湾省,494,2020年09月07日
中国台湾省,495,2020年09月08日
中国台湾省,495,2020年09月09日
中国台湾省,496,2020年09月10日
中国台湾省,498,2020年09月11日
中国台湾省,498,2020年09月12日
中国台湾省,498,2020年09月13日
中国台湾省,499,2020年09月14日
中国台湾省,499,2020年09月15日
中国台湾省,500,2020年09月16日
中国台湾省,503,2020年09月17日
中国台湾省,503,2020年09月18日
中国台湾省,506,2020年09月19日
中国台湾省,507,2020年09月20日
中国台湾省,509,2020年09月21日
中国台湾省,509,2020年09月22日
中国台湾省,509,2020年09月23日
中国台湾省,509,2020年09月24日
中国台湾省,510,2020年09月25日
中国台湾省,510,2020年09月26日
中国台湾省,510,2020年09月27日
中国台湾省,513,2020年09月28日
中国台湾省,513,2020年09月29日
中国台湾省,514,2020年09月30日
中国台湾省,515,2020年10月01日
中国台湾省,517,2020年10月02日
中国台湾省,517,2020年10月03日
中国台湾省,517,2020年10月04日
中国台湾省,518,2020年10月05日
中国台湾省,521,2020年10月06日
中国台湾省,523,2020年10月07日
中国台湾省,524,2020年10月08日
中国台湾省,527,2020年10月09日
中国台湾省,527,2020年10月10日
中国台湾省,527,2020年10月11日
中国台湾省,529,2020年10月12日
中国台湾省,530,2020年10月13日
中国台湾省,530,2020年10月14日
中国台湾省,531,2020年10月15日
中国台湾省,535,2020年10月16日
中国台湾省,535,2020年10月17日
中国台湾省,535,2020年10月18日
中国台湾省,540,2020年10月19日
中国台湾省,543,2020年10月20日
中国台湾省,544,2020年10月21日
中国台湾省,548,2020年10月22日
中国台湾省,548,2020年10月23日
中国台湾省,550,2020年10月24日
中国台湾省,550,2020年10月25日
中国台湾省,550,2020年10月26日
中国台湾省,550,2020年10月27日
中国台湾省,550,2020年10月28日
中国台湾省,553,2020年10月29日
中国台湾省,554,2020年10月30日
中国台湾省,555,2020年10月31日
中国台湾省,558,2020年11月01日
中国台湾省,563,2020年11月02日
中国台湾省,567,2020年11月03日
中国台湾省,568,2020年11月04日
中国台湾省,569,2020年11月05日
中国台湾省,573,2020年11月06日
中国台湾省,573,2020年11月07日
中国台湾省,577,2020年11月08日
中国台湾省,578,2020年11月09日
中国台湾省,580,2020年11月10日
中国台湾省,584,2020年11月11日
中国台湾省,589,2020年11月12日
中国台湾省,597,2020年11月13日
中国台湾省,600,2020年11月14日
中国台湾省,602,2020年11月15日
中国台湾省,603,2020年11月16日
中国台湾省,605,2020年11月17日
中国台湾省,607,2020年11月18日
中国台湾省,609,2020年11月19日
中国台湾省,611,2020年11月20日
中国台湾省,611,2020年11月21日
中国台湾省,617,2020年11月22日
中国台湾省,618,2020年11月23日
中国台湾省,618,2020年11月24日
中国台湾省,623,2020年11月25日
中国台湾省,625,2020年11月26日
中国台湾省,639,2020年11月27日
中国台湾省,648,2020年11月28日
中国台湾省,651,2020年11月29日
中国台湾省,675,2020年11月30日
中国台湾省,679,2020年12月01日
中国台湾省,685,2020年12月02日
中国台湾省,686,2020年12月03日
中国台湾省,690,2020年12月04日
中国台湾省,693,2020年12月05日
中国台湾省,716,2020年12月06日
中国台湾省,716,2020年12月07日
中国台湾省,718,2020年12月08日
中国台湾省,720,2020年12月09日
中国台湾省,724,2020年12月10日
中国台湾省,725,2020年12月11日
中国台湾省,733,2020年12月12日
中国台湾省,736,2020年12月13日
中国台湾省,740,2020年12月14日
中国台湾省,742,2020年12月15日
中国台湾省,749,2020年12月16日
中国台湾省,757,2020年12月17日
中国台湾省,759,2020年12月18日
中国台湾省,763,2020年12月19日
中国台湾省,766,2020年12月20日
中国台湾省,766,2020年12月21日
中国台湾省,770,2020年12月22日
中国台湾省,776,2020年12月23日
中国台湾省,776,2020年12月24日
中国台湾省,780,2020年12月25日
中国台湾省,783,2020年12月26日
中国台湾省,785,2020年12月27日
中国台湾省,793,2020年12月28日
中国台湾省,795,2020年12月29日
中国台湾省,797,2020年12月30日
中国台湾省,799,2020年12月31日
中国台湾省,802,2021年01月01日
中国台湾省,808,2021年01月02日
中国台湾省,812,2021年01月03日
中国台湾省,815,2021年01月04日
中国台湾省,817,2021年01月05日
中国台湾省,819,2021年01月06日
中国台湾省,822,2021年01月07日
中国台湾省,825,2021年01月08日
中国台湾省,828,2021年01月09日
中国台湾省,828,2021年01月10日
中国台湾省,834,2021年01月11日
中国台湾省,838,2021年01月12日
中国台湾省,842,2021年01月13日
中国台湾省,842,2021年01月14日
中国台湾省,843,2021年01月15日
中国台湾省,851,2021年01月16日
中国台湾省,855,2021年01月17日
中国台湾省,862,2021年01月18日
中国台湾省,868,2021年01月19日
中国台湾省,870,2021年01月20日
中国台湾省,873,2021年01月21日
中国台湾省,881,2021年01月22日
中国台湾省,884,2021年01月23日
中国台湾省,889,2021年01月24日
中国台湾省,889,2021年01月25日
中国台湾省,890,2021年01月26日
中国台湾省,893,2021年01月27日
中国台湾省,895,2021年01月28日
中国台湾省,899,2021年01月29日
中国台湾省,909,2021年01月30日
中国台湾省,911,2021年01月31日
中国台湾省,912,2021年02月01日
中国台湾省,915,2021年02月02日
中国台湾省,917,2021年02月03日
中国台湾省,919,2021年02月04日
中国台湾省,923,2021年02月05日
中国台湾省,924,2021年02月06日
中国台湾省,927,2021年02月07日
中国台湾省,928,2021年02月08日
中国台湾省,933,2021年02月09日
中国台湾省,935,2021年02月10日
中国台湾省,936,2021年02月11日
中国台湾省,937,2021年02月12日
中国台湾省,937,2021年02月13日
中国台湾省,937,2021年02月14日
中国台湾省,937,2021年02月15日
中国台湾省,937,2021年02月16日
中国台湾省,938,2021年02月17日
中国台湾省,940,2021年02月18日
中国台湾省,941,2021年02月19日
中国台湾省,942,2021年02月20日
中国台湾省,942,2021年02月21日
中国台湾省,942,2021年02月22日
中国台湾省,942,2021年02月23日
中国台湾省,946,2021年02月24日
中国台湾省,951,2021年02月25日
中国台湾省,951,2021年02月26日
中国台湾省,954,2021年02月27日
中国台湾省,955,2021年02月28日
中国台湾省,955,2021年03月01日
中国台湾省,955,2021年03月02日
中国台湾省,958,2021年03月03日
中国台湾省,960,2021年03月04日
中国台湾省,960,2021年03月05日
中国台湾省,967,2021年03月06日
中国台湾省,969,2021年03月07日
中国台湾省,976,2021年03月08日
中国台湾省,977,2021年03月09日
中国台湾省,978,2021年03月10日
中国台湾省,978,2021年03月11日
中国台湾省,984,2021年03月12日
中国台湾省,984,2021年03月13日
中国台湾省,985,2021年03月14日
中国台湾省,990,2021年03月15日
中国台湾省,990,2021年03月16日
中国台湾省,990,2021年03月17日
中国台湾省,998,2021年03月18日
中国台湾省,1004,2021年03月19日
中国台湾省,1005,2021年03月20日
中国台湾省,1006,2021年03月21日
中国台湾省,1006,2021年03月22日
中国台湾省,1007,2021年03月23日
中国台湾省,1009,2021年03月24日
中国台湾省,1012,2021年03月25日
中国台湾省,1013,2021年03月26日
中国台湾省,1020,2021年03月27日
中国台湾省,1022,2021年03月28日
中国台湾省,1023,2021年03月29日
中国台湾省,1024,2021年03月30日
中国台湾省,1030,2021年03月31日
中国台湾省,1036,2021年04月01日
中国台湾省,1039,2021年04月02日
中国台湾省,1045,2021年04月03日
中国台湾省,1047,2021年04月04日
中国台湾省,1048,2021年04月05日
中国台湾省,1050,2021年04月06日
中国台湾省,1050,2021年04月07日
中国台湾省,1050,2021年04月08日
中国台湾省,1054,2021年04月09日
中国台湾省,1056,2021年04月10日
中国台湾省,1057,2021年04月11日
中国台湾省,1058,2021年04月12日
中国台湾省,1062,2021年04月13日
中国台湾省,1067,2021年04月14日
中国台湾省,1068,2021年04月15日
中国台湾省,1070,2021年04月16日
中国台湾省,1072,2021年04月17日
中国台湾省,1073,2021年04月18日
中国台湾省,1076,2021年04月19日
中国台湾省,1078,2021年04月20日
中国台湾省,1082,2021年04月21日
中国台湾省,1086,2021年04月22日
中国台湾省,1090,2021年04月23日
中国台湾省,1097,2021年04月24日
中国台湾省,1100,2021年04月25日
中国台湾省,1104,2021年04月26日
中国台湾省,1110,2021年04月27日
中国台湾省,1116,2021年04月28日
中国台湾省,1121,2021年04月29日
中国台湾省,1129,2021年04月30日
中国台湾省,1132,2021年05月01日
中国台湾省,1137,2021年05月02日
中国台湾省,1145,2021年05月03日
中国台湾省,1153,2021年05月04日
中国台湾省,1160,2021年05月05日
中国台湾省,1173,2021年05月06日
中国台湾省,1178,2021年05月07日
中国台湾省,1183,2021年05月08日
中国台湾省,1184,2021年05月09日
中国台湾省,1199,2021年05月10日
中国台湾省,1210,2021年05月11日
中国台湾省,1231,2021年05月12日
中国台湾省,1256,2021年05月13日
中国台湾省,1281,2021年05月14日
中国台湾省,1394,2021年05月15日
中国台湾省,1681,2021年05月16日
中国台湾省,2220,2021年05月17日
中国台湾省,2686,2021年05月18日
中国台湾省,3229,2021年05月19日
中国台湾省,3721,2021年05月20日
中国台湾省,4159,2021年05月21日
中国台湾省,4636,2021年05月22日
中国台湾省,5133,2021年05月23日
中国台湾省,5645,2021年05月24日
中国台湾省,6148,2021年05月25日
中国台湾省,6684,2021年05月26日
中国台湾省,7221,2021年05月27日
中国台湾省,7640,2021年05月28日
中国台湾省,8069,2021年05月29日
中国台湾省,8494,2021年05月30日
中国台湾省,8888,2021年05月31日
中国台湾省,9230,2021年06月01日
中国台湾省,9718,2021年06月02日
中国台湾省,10137,2021年06月03日
中国台湾省,10480,2021年06月04日
中国台湾省,10963,2021年06月05日
中国台湾省,11277,2021年06月06日
中国台湾省,11475,2021年06月07日
中国台湾省,11693,2021年06月08日
中国台湾省,11956,2021年06月09日
中国台湾省,12213,2021年06月10日
中国台湾省,12495,2021年06月11日
中国台湾省,12746,2021年06月12日
中国台湾省,12921,2021年06月13日
中国台湾省,13106,2021年06月14日
中国台湾省,13239,2021年06月15日
中国台湾省,13409,2021年06月16日
中国台湾省,13583,2021年06月17日
中国台湾省,13768,2021年06月18日
中国台湾省,13896,2021年06月19日
中国台湾省,14005,2021年06月20日
中国台湾省,14078,2021年06月21日
中国台湾省,14156,2021年06月22日
中国台湾省,14259,2021年06月23日
中国台湾省,14389,2021年06月24日
中国台湾省,14465,2021年06月25日
中国台湾省,14545,2021年06月26日
中国台湾省,14634,2021年06月27日
中国台湾省,14694,2021年06月28日
中国台湾省,14748,2021年06月29日
中国台湾省,14803,2021年06月30日
中国台湾省,14853,2021年07月01日
中国台湾省,14911,2021年07月02日
中国台湾省,14991,2021年07月03日
中国台湾省,15030,2021年07月04日
中国台湾省,15059,2021年07月05日
中国台湾省,15088,2021年07月06日
中国台湾省,15128,2021年07月07日
中国台湾省,15149,2021年07月08日
中国台湾省,15185,2021年07月09日
中国台湾省,15218,2021年07月10日
中国台湾省,15249,2021年07月11日
中国台湾省,15273,2021年07月12日
中国台湾省,15301,2021年07月13日
中国台湾省,15328,2021年07月14日
中国台湾省,15346,2021年07月15日
中国台湾省,15378,2021年07月16日
中国台湾省,15390,2021年07月17日
中国台湾省,15408,2021年07月18日
中国台湾省,15429,2021年07月19日
中国台湾省,15453,2021年07月20日
中国台湾省,15478,2021年07月21日
中国台湾省,15511,2021年07月22日
中国台湾省,15533,2021年07月23日
中国台湾省,15558,2021年07月24日
中国台湾省,15571,2021年07月25日
中国台湾省,15582,2021年07月26日
中国台湾省,15599,2021年07月27日
中国台湾省,15619,2021年07月28日
中国台湾省,15637,2021年07月29日
中国台湾省,15662,2021年07月30日
中国台湾省,15674,2021年07月31日
中国台湾省,15688,2021年08月01日
中国台湾省,15702,2021年08月02日
中国台湾省,15721,2021年08月03日
中国台湾省,15742,2021年08月04日
中国台湾省,15753,2021年08月05日
中国台湾省,15765,2021年08月06日
中国台湾省,15775,2021年08月07日
中国台湾省,15782,2021年08月08日
中国台湾省,15790,2021年08月09日
中国台湾省,15798,2021年08月10日
中国台湾省,15814,2021年08月11日
中国台湾省,15818,2021年08月12日
中国台湾省,15836,2021年08月13日
中国台湾省,15843,2021年08月14日
中国台湾省,15852,2021年08月15日
中国台湾省,15862,2021年08月16日
中国台湾省,15880,2021年08月17日
中国台湾省,15891,2021年08月18日
中国台湾省,15897,2021年08月19日
中国台湾省,15906,2021年08月20日
中国台湾省,15916,2021年08月21日
中国台湾省,15926,2021年08月22日
中国台湾省,15932,2021年08月23日
中国台湾省,15938,2021年08月24日
中国台湾省,15939,2021年08月25日
中国台湾省,15947,2021年08月26日
中国台湾省,15954,2021年08月27日
中国台湾省,15960,2021年08月28日
中国台湾省,15983,2021年08月29日
中国台湾省,15991,2021年08月30日
中国台湾省,15995,2021年08月31日
中国台湾省,16001,2021年09月01日
中国台湾省,16006,2021年09月02日
中国台湾省,16012,2021年09月03日
中国台湾省,16013,2021年09月04日
中国台湾省,16019,2021年09月05日
中国台湾省,16035,2021年09月06日
中国台湾省,16047,2021年09月07日
中国台湾省,16056,2021年09月08日
中国台湾省,16062,2021年09月09日
中国台湾省,16069,2021年09月10日
中国台湾省,16074,2021年09月11日
中国台湾省,16088,2021年09月12日
中国台湾省,16093,2021年09月13日
中国台湾省,16098,2021年09月14日
中国台湾省,16103,2021年09月15日
中国台湾省,16115,2021年09月16日
中国台湾省,16123,2021年09月17日
中国台湾省,16129,2021年09月18日
中国台湾省,16141,2021年09月19日
中国台湾省,16147,2021年09月20日
中国台湾省,16152,2021年09月21日
中国台湾省,16159,2021年09月22日
中国台湾省,16168,2021年09月23日
中国台湾省,16176,2021年09月24日
中国台湾省,16181,2021年09月25日
中国台湾省,16189,2021年09月26日
中国台湾省,16198,2021年09月27日
中国台湾省,16205,2021年09月28日
中国台湾省,16216,2021年09月29日
中国台湾省,16223,2021年09月30日
中国台湾省,16234,2021年10月01日
中国台湾省,16244,2021年10月02日
中国台湾省,16250,2021年10月03日
中国台湾省,16255,2021年10月04日
中国台湾省,16262,2021年10月05日
中国台湾省,16267,2021年10月06日
中国台湾省,16271,2021年10月07日
中国台湾省,16283,2021年10月08日
中国台湾省,16287,2021年10月09日
中国台湾省,16294,2021年10月10日
中国台湾省,16305,2021年10月11日
中国台湾省,16309,2021年10月12日
中国台湾省,16313,2021年10月13日
中国台湾省,16321,2021年10月14日
中国台湾省,16325,2021年10月15日
中国台湾省,16336,2021年10月16日
中国台湾省,16337,2021年10月17日
中国台湾省,16337,2021年10月18日
中国台湾省,16343,2021年10月19日
中国台湾省,16347,2021年10月20日
中国台湾省,16349,2021年10月21日
中国台湾省,16357,2021年10月22日
中国台湾省,16364,2021年10月23日
中国台湾省,16368,2021年10月24日
中国台湾省,16376,2021年10月25日
中国台湾省,16380,2021年10月26日
中国台湾省,16388,2021年10月27日
中国台湾省,16394,2021年10月28日
中国台湾省,16399,2021年10月29日
中国台湾省,16406,2021年10月30日
中国台湾省,16412,2021年10月31日
中国台湾省,16417,2021年11月01日
中国台湾省,16421,2021年11月02日
中国台湾省,16428,2021年11月03日
中国台湾省,16430,2021年11月04日
中国台湾省,16437,2021年11月05日
中国台湾省,16438,2021年11月06日
中国台湾省,16442,2021年11月07日
中国台湾省,16445,2021年11月08日
中国台湾省,16451,2021年11月09日
中国台湾省,16456,2021年11月10日
中国台湾省,16465,2021年11月11日
中国台湾省,16475,2021年11月12日
中国台湾省,16479,2021年11月13日
中国台湾省,16487,2021年11月14日
中国台湾省,16496,2021年11月15日
中国台湾省,16498,2021年11月16日
中国台湾省,16503,2021年11月17日
中国台湾省,16506,2021年11月18日
中国台湾省,16516,2021年11月19日
中国台湾省,16520,2021年11月20日
中国台湾省,16529,2021年11月21日
中国台湾省,16532,2021年11月22日
中国台湾省,16539,2021年11月23日
中国台湾省,16544,2021年11月24日
中国台湾省,16554,2021年11月25日
中国台湾省,16566,2021年11月26日
中国台湾省,16578,2021年11月27日
中国台湾省,16588,2021年11月28日
中国台湾省,16596,2021年11月29日
中国台湾省,16601,2021年11月30日
中国台湾省,16609,2021年12月01日
中国台湾省,16626,2021年12月02日
中国台湾省,16637,2021年12月03日
中国台湾省,16648,2021年12月04日
中国台湾省,16652,2021年12月05日
中国台湾省,16662,2021年12月06日
中国台湾省,16683,2021年12月07日
中国台湾省,16688,2021年12月08日
中国台湾省,16705,2021年12月09日
中国台湾省,16721,2021年12月10日
中国台湾省,16731,2021年12月11日
中国台湾省,16737,2021年12月12日
中国台湾省,16742,2021年12月13日
中国台湾省,16752,2021年12月14日
中国台湾省,16759,2021年12月15日
中国台湾省,16771,2021年12月16日
中国台湾省,16786,2021年12月17日
中国台湾省,16799,2021年12月18日
中国台湾省,16805,2021年12月19日
中国台湾省,16816,2021年12月20日
中国台湾省,16826,2021年12月21日
中国台湾省,16840,2021年12月22日
中国台湾省,16853,2021年12月23日
中国台湾省,16873,2021年12月24日
中国台湾省,16891,2021年12月25日
中国台湾省,16915,2021年12月26日
中国台湾省,16931,2021年12月27日
中国台湾省,16950,2021年12月28日
中国台湾省,16964,2021年12月29日
中国台湾省,16988,2021年12月30日
中国台湾省,17029,2021年12月31日
中国台湾省,17050,2022年01月01日
中国台湾省,17070,2022年01月02日
中国台湾省,17095,2022年01月03日
中国台湾省,17129,2022年01月04日
中国台湾省,17155,2022年01月05日
中国台湾省,17196,2022年01月06日
中国台湾省,17258,2022年01月07日
中国台湾省,17302,2022年01月08日
中国台湾省,17362,2022年01月09日
中国台湾省,17393,2022年01月10日
中国台湾省,17463,2022年01月11日
中国台湾省,17559,2022年01月12日
中国台湾省,17624,2022年01月13日
中国台湾省,17691,2022年01月14日
中国台湾省,17769,2022年01月15日
中国台湾省,17820,2022年01月16日
中国台湾省,17885,2022年01月17日
中国台湾省,17951,2022年01月18日
中国台湾省,18004,2022年01月19日
中国台湾省,18041,2022年01月20日
中国台湾省,18108,2022年01月21日
中国台湾省,18236,2022年01月22日
中国台湾省,18325,2022年01月23日
中国台湾省,18373,2022年01月24日
中国台湾省,18411,2022年01月25日
中国台湾省,18502,2022年01月26日
中国台湾省,18563,2022年01月27日
中国台湾省,18633,2022年01月28日
中国台湾省,18681,2022年01月29日
中国台湾省,18735,2022年01月30日
中国台湾省,18790,2022年01月31日
中国台湾省,18850,2022年02月01日
中国台湾省,18902,2022年02月02日
中国台湾省,18958,2022年02月03日
中国台湾省,19029,2022年02月04日
中国台湾省,19101,2022年02月05日
中国台湾省,19143,2022年02月06日
中国台湾省,19191,2022年02月07日
中国台湾省,19239,2022年02月08日
中国台湾省,19293,2022年02月09日
中国台湾省,19376,2022年02月10日
中国台湾省,19455,2022年02月11日
中国台湾省,19515,2022年02月12日
中国台湾省,19567,2022年02月13日
中国台湾省,19621,2022年02月14日
中国台湾省,19665,2022年02月15日
中国台湾省,19729,2022年02月16日
中国台湾省,19797,2022年02月17日
中国台湾省,19864,2022年02月18日
中国台湾省,19937,2022年02月19日
中国台湾省,20007,2022年02月20日
中国台湾省,20056,2022年02月21日
中国台湾省,20100,2022年02月22日
中国台湾省,20156,2022年02月23日
中国台湾省,20236,2022年02月24日
中国台湾省,20304,2022年02月25日
中国台湾省,20373,2022年02月26日
中国台湾省,20433,2022年02月27日
中国台湾省,20489,2022年02月28日
中国台湾省,20533,2022年03月01日
中国台湾省,20582,2022年03月02日
中国台湾省,20653,2022年03月03日
中国台湾省,20717,2022年03月04日
中国台湾省,20797,2022年03月05日
中国台湾省,20840,2022年03月06日
中国台湾省,20869,2022年03月07日
中国台湾省,20922,2022年03月08日
中国台湾省,20999,2022年03月09日
中国台湾省,21081,2022年03月10日
中国台湾省,21163,2022年03月11日
中国台湾省,21225,2022年03月12日
中国台湾省,21288,2022年03月13日
中国台湾省,21363,2022年03月14日
中国台湾省,21402,2022年03月15日
中国台湾省,21492,2022年03月16日
中国台湾省,21583,2022年03月17日
中国台湾省,21658,2022年03月18日
中国台湾省,21784,2022年03月19日
中国台湾省,21905,2022年03月20日
中国台湾省,22002,2022年03月21日
中国台湾省,22091,2022年03月22日
中国台湾省,22188,2022年03月23日
中国台湾省,22327,2022年03月24日
中国台湾省,22463,2022年03月25日
中国台湾省,22566,2022年03月26日
中国台湾省,22769,2022年03月27日
中国台湾省,22896,2022年03月28日
中国台湾省,22992,2022年03月29日
中国台湾省,23154,2022年03月30日
中国台湾省,23393,2022年03月31日
中国台湾省,23629,2022年04月01日
中国台湾省,24032,2022年04月02日
中国台湾省,24310,2022年04月03日
中国台湾省,24585,2022年04月04日
中国台湾省,24866,2022年04月05日
中国台湾省,25225,2022年04月06日
中国台湾省,25756,2022年04月07日
中国台湾省,26258,2022年04月08日
中国台湾省,26835,2022年04月09日
中国台湾省,27410,2022年04月10日
中国台湾省,28003,2022年04月11日
中国台湾省,28660,2022年04月12日
中国台湾省,29592,2022年04月13日
中国台湾省,30573,2022年04月14日
中国台湾省,31854,2022年04月15日
中国台湾省,33204,2022年04月16日
中国台湾省,34503,2022年04月17日
中国台湾省,35983,2022年04月18日
中国台湾省,37705,2022年04月19日
中国台湾省,40185,2022年04月20日
中国台湾省,43241,2022年04月21日
中国台湾省,47094,2022年04月22日
中国台湾省,51296,2022年04月23日
中国台湾省,56465,2022年04月24日
中国台湾省,61683,2022年04月25日
中国台湾省,68015,2022年04月26日
中国台湾省,76929,2022年04月27日
中国台湾省,88440,2022年04月28日
中国台湾省,100734,2022年04月29日
中国台湾省,115870,2022年04月30日
中国台湾省,132950,2022年05月01日
中国台湾省,150803,2022年05月02日
中国台湾省,173931,2022年05月03日
中国台湾省,202296,2022年05月04日
中国台湾省,232356,2022年05月05日
中国台湾省,268447,2022年05月06日
中国台湾省,312910,2022年05月07日
中国台湾省,357200,2022年05月08日
中国台湾省,397495,2022年05月09日
中国台湾省,448239,2022年05月10日
中国台湾省,505424,2022年05月11日
中国台湾省,570859,2022年05月12日
中国台湾省,623560,2022年05月13日
中国台湾省,699774,2022年05月14日
中国台湾省,768504,2022年05月15日
中国台湾省,830226,2022年05月16日
中国台湾省,895785,2022年05月17日
中国台湾省,980183,2022年05月18日
中国台湾省,1070530,2022年05月19日
中国台湾省,1156258,2022年05月20日
中国台湾省,1240884,2022年05月21日
中国台湾省,1320357,2022年05月22日
中国台湾省,1386584,2022年05月23日
中国台湾省,1468991,2022年05月24日
中国台湾省,1558364,2022年05月25日
中国台湾省,1640212,2022年05月26日
中国台湾省,1734822,2022年05月27日
中国台湾省,1815667,2022年05月28日
中国台湾省,1892252,2022年05月29日
中国台湾省,1952278,2022年05月30日
中国台湾省,2032938,2022年05月31日
中国台湾省,2121175,2022年06月01日
中国台湾省,2198102,2022年06月02日
中国台湾省,2274643,2022年06月03日
中国台湾省,2342761,2022年06月04日
中国台湾省,2404858,2022年06月05日
中国台湾省,2457844,2022年06月06日
中国台湾省,2540718,2022年06月07日
中国台湾省,2620820,2022年06月08日
中国台湾省,2693733,2022年06月09日
中国台湾省,2762033,2022年06月10日
中国台湾省,2841606,2022年06月11日
中国台湾省,2892253,2022年06月12日
中国台湾省,2937312,2022年06月13日
中国台湾省,3003467,2022年06月14日
中国台湾省,3072344,2022年06月15日
中国台湾省,3135526,2022年06月16日
中国台湾省,3190746,2022年06月17日
中国台湾省,3244440,2022年06月18日
中国台湾省,3295063,2022年06月19日
中国台湾省,3330657,2022年06月20日
中国台湾省,3387033,2022年06月21日
中国台湾省,3439243,2022年06月22日
中国台湾省,3487568,2022年06月23日
中国台湾省,3533305,2022年06月24日
中国台湾省,3573699,2022年06月25日
中国台湾省,3613341,2022年06月26日
中国台湾省,3641910,2022年06月27日
中国台湾省,3686159,2022年06月28日
中国台湾省,3728341,2022年06月29日
中国台湾省,3767249,2022年06月30日
中国台湾省,3803029,2022年07月01日
中国台湾省,3837847,2022年07月02日
中国台湾省,3870525,2022年07月03日
中国台湾省,3893612,2022年07月04日
中国台湾省,3929611,2022年07月05日
中国台湾省,3964159,2022年07月06日
中国台湾省,3995590,2022年07月07日
中国台湾省,4026054,2022年07月08日
中国台湾省,4054184,2022年07月09日
中国台湾省,4082025,2022年07月10日
中国台湾省,4101132,2022年07月11日
中国台湾省,4132379,2022年07月12日
中国台湾省,4162245,2022年07月13日
中国台湾省,4189890,2022年07月14日
中国台湾省,4215170,2022年07月15日
中国台湾省,4240463,2022年07月16日
中国台湾省,4264774,2022年07月17日
中国台湾省,4282758,2022年07月18日
中国台湾省,4309880,2022年07月19日
中国台湾省,4337056,2022年07月20日
中国台湾省,4362196,2022年07月21日
中国台湾省,4386262,2022年07月22日
中国台湾省,4408846,2022年07月23日
中国台湾省,4430580,2022年07月24日
中国台湾省,4447684,2022年07月25日
中国台湾省,4472724,2022年07月26日
中国台湾省,4498394,2022年07月27日
中国台湾省,4522347,2022年07月28日
中国台湾省,4545621,2022年07月29日
中国台湾省,4567116,2022年07月30日
中国台湾省,4588177,2022年07月31日
中国台湾省,4604738,2022年08月01日
中国台湾省,4628267,2022年08月02日
中国台湾省,4652169,2022年08月03日
中国台湾省,4675100,2022年08月04日
中国台湾省,4696854,2022年08月05日
中国台湾省,4716817,2022年08月06日
中国台湾省,4738856,2022年08月07日
中国台湾省,4754234,2022年08月08日
中国台湾省,4777868,2022年08月09日
中国台湾省,4801641,2022年08月10日
中国香港特别行政区,56,2020年02月15日
中国香港特别行政区,57,2020年02月16日
中国香港特别行政区,60,2020年02月17日
中国香港特别行政区,62,2020年02月18日
中国香港特别行政区,65,2020年02月19日
中国香港特别行政区,69,2020年02月20日
中国香港特别行政区,69,2020年02月21日
中国香港特别行政区,70,2020年02月22日
中国香港特别行政区,74,2020年02月23日
中国香港特别行政区,81,2020年02月24日
中国香港特别行政区,85,2020年02月25日
中国香港特别行政区,89,2020年02月26日
中国香港特别行政区,92,2020年02月27日
中国香港特别行政区,93,2020年02月28日
中国香港特别行政区,95,2020年02月29日
中国香港特别行政区,100,2020年03月01日
中国香港特别行政区,100,2020年03月02日
中国香港特别行政区,101,2020年03月03日
中国香港特别行政区,103,2020年03月04日
中国香港特别行政区,105,2020年03月05日
中国香港特别行政区,108,2020年03月06日
中国香港特别行政区,108,2020年03月07日
中国香港特别行政区,115,2020年03月08日
中国香港特别行政区,116,2020年03月09日
中国香港特别行政区,121,2020年03月10日
中国香港特别行政区,130,2020年03月11日
中国香港特别行政区,131,2020年03月12日
中国香港特别行政区,132,2020年03月13日
中国香港特别行政区,142,2020年03月14日
中国香港特别行政区,149,2020年03月15日
中国香港特别行政区,155,2020年03月16日
中国香港特别行政区,168,2020年03月17日
中国香港特别行政区,193,2020年03月18日
中国香港特别行政区,208,2020年03月19日
中国香港特别行政区,256,2020年03月20日
中国香港特别行政区,274,2020年03月21日
中国香港特别行政区,318,2020年03月22日
中国香港特别行政区,357,2020年03月23日
中国香港特别行政区,387,2020年03月24日
中国香港特别行政区,411,2020年03月25日
中国香港特别行政区,454,2020年03月26日
中国香港特别行政区,519,2020年03月27日
中国香港特别行政区,560,2020年03月28日
中国香港特别行政区,642,2020年03月29日
中国香港特别行政区,683,2020年03月30日
中国香港特别行政区,715,2020年03月31日
中国香港特别行政区,766,2020年04月01日
中国香港特别行政区,802,2020年04月02日
中国香港特别行政区,845,2020年04月03日
中国香港特别行政区,862,2020年04月04日
中国香港特别行政区,891,2020年04月05日
中国香港特别行政区,915,2020年04月06日
中国香港特别行政区,936,2020年04月07日
中国香港特别行政区,961,2020年04月08日
中国香港特别行政区,974,2020年04月09日
中国香港特别行政区,990,2020年04月10日
中国香港特别行政区,1001,2020年04月11日
中国香港特别行政区,1005,2020年04月12日
中国香港特别行政区,1010,2020年04月13日
中国香港特别行政区,1013,2020年04月14日
中国香港特别行政区,1017,2020年04月15日
中国香港特别行政区,1018,2020年04月16日
中国香港特别行政区,1022,2020年04月17日
中国香港特别行政区,1024,2020年04月18日
中国香港特别行政区,1026,2020年04月19日
中国香港特别行政区,1026,2020年04月20日
中国香港特别行政区,1030,2020年04月21日
中国香港特别行政区,1034,2020年04月22日
中国香港特别行政区,1036,2020年04月23日
中国香港特别行政区,1036,2020年04月24日
中国香港特别行政区,1038,2020年04月25日
中国香港特别行政区,1038,2020年04月26日
中国香港特别行政区,1038,2020年04月27日
中国香港特别行政区,1038,2020年04月28日
中国香港特别行政区,1038,2020年04月29日
中国香港特别行政区,1038,2020年04月30日
中国香港特别行政区,1040,2020年05月01日
中国香港特别行政区,1040,2020年05月02日
中国香港特别行政区,1040,2020年05月03日
中国香港特别行政区,1041,2020年05月04日
中国香港特别行政区,1041,2020年05月05日
中国香港特别行政区,1041,2020年05月06日
中国香港特别行政区,1045,2020年05月07日
中国香港特别行政区,1045,2020年05月08日
中国香港特别行政区,1045,2020年05月09日
中国香港特别行政区,1048,2020年05月10日
中国香港特别行政区,1048,2020年05月11日
中国香港特别行政区,1048,2020年05月12日
中国香港特别行政区,1051,2020年05月13日
中国香港特别行政区,1052,2020年05月14日
中国香港特别行政区,1053,2020年05月15日
中国香港特别行政区,1053,2020年05月16日
中国香港特别行政区,1056,2020年05月17日
中国香港特别行政区,1056,2020年05月18日
中国香港特别行政区,1056,2020年05月19日
中国香港特别行政区,1056,2020年05月20日
中国香港特别行政区,1064,2020年05月21日
中国香港特别行政区,1066,2020年05月22日
中国香港特别行政区,1066,2020年05月23日
中国香港特别行政区,1066,2020年05月24日
中国香港特别行政区,1066,2020年05月25日
中国香港特别行政区,1066,2020年05月26日
中国香港特别行政区,1067,2020年05月27日
中国香港特别行政区,1067,2020年05月28日
中国香港特别行政区,1080,2020年05月29日
中国香港特别行政区,1083,2020年05月30日
中国香港特别行政区,1085,2020年05月31日
中国香港特别行政区,1088,2020年06月01日
中国香港特别行政区,1094,2020年06月02日
中国香港特别行政区,1094,2020年06月03日
中国香港特别行政区,1099,2020年06月04日
中国香港特别行政区,1103,2020年06月05日
中国香港特别行政区,1106,2020年06月06日
中国香港特别行政区,1107,2020年06月07日
中国香港特别行政区,1108,2020年06月08日
中国香港特别行政区,1108,2020年06月09日
中国香港特别行政区,1108,2020年06月10日
中国香港特别行政区,1108,2020年06月11日
中国香港特别行政区,1109,2020年06月12日
中国香港特别行政区,1110,2020年06月13日
中国香港特别行政区,1110,2020年06月14日
中国香港特别行政区,1113,2020年06月15日
中国香港特别行政区,1113,2020年06月16日
中国香港特别行政区,1121,2020年06月17日
中国香港特别行政区,1125,2020年06月18日
中国香港特别行政区,1128,2020年06月19日
中国香港特别行政区,1129,2020年06月20日
中国香港特别行政区,1132,2020年06月21日
中国香港特别行政区,1162,2020年06月22日
中国香港特别行政区,1178,2020年06月23日
中国香港特别行政区,1180,2020年06月24日
中国香港特别行政区,1194,2020年06月25日
中国香港特别行政区,1197,2020年06月26日
中国香港特别行政区,1198,2020年06月27日
中国香港特别行政区,1200,2020年06月28日
中国香港特别行政区,1204,2020年06月29日
中国香港特别行政区,1206,2020年06月30日
中国香港特别行政区,1234,2020年07月01日
中国香港特别行政区,1243,2020年07月02日
中国香港特别行政区,1248,2020年07月03日
中国香港特别行政区,1259,2020年07月04日
中国香港特别行政区,1269,2020年07月05日
中国香港特别行政区,1286,2020年07月06日
中国香港特别行政区,1300,2020年07月07日
中国香港特别行政区,1324,2020年07月08日
中国香港特别行政区,1366,2020年07月09日
中国香港特别行政区,1404,2020年07月10日
中国香港特别行政区,1433,2020年07月11日
中国香港特别行政区,1470,2020年07月12日
中国香港特别行政区,1522,2020年07月13日
中国香港特别行政区,1570,2020年07月14日
中国香港特别行政区,1589,2020年07月15日
中国香港特别行政区,1656,2020年07月16日
中国香港特别行政区,1714,2020年07月17日
中国香港特别行政区,1778,2020年07月18日
中国香港特别行政区,1886,2020年07月19日
中国香港特别行政区,1959,2020年07月20日
中国香港特别行政区,2020,2020年07月21日
中国香港特别行政区,2132,2020年07月22日
中国香港特别行政区,2250,2020年07月23日
中国香港特别行政区,2373,2020年07月24日
中国香港特别行政区,2506,2020年07月25日
中国香港特别行政区,2634,2020年07月26日
中国香港特别行政区,2779,2020年07月27日
中国香港特别行政区,2885,2020年07月28日
中国香港特别行政区,3003,2020年07月29日
中国香港特别行政区,3152,2020年07月30日
中国香港特别行政区,3273,2020年07月31日
中国香港特别行政区,3397,2020年08月01日
中国香港特别行政区,3512,2020年08月02日
中国香港特别行政区,3590,2020年08月03日
中国香港特别行政区,3670,2020年08月04日
中国香港特别行政区,3755,2020年08月05日
中国香港特别行政区,3850,2020年08月06日
中国香港特别行政区,3939,2020年08月07日
中国香港特别行政区,4008,2020年08月08日
中国香港特别行政区,4080,2020年08月09日
中国香港特别行政区,4149,2020年08月10日
中国香港特别行政区,4182,2020年08月11日
中国香港特别行政区,4244,2020年08月12日
中国香港特别行政区,4313,2020年08月13日
中国香港特别行政区,4361,2020年08月14日
中国香港特别行政区,4407,2020年08月15日
中国香港特别行政区,4481,2020年08月16日
中国香港特别行政区,4525,2020年08月17日
中国香港特别行政区,4561,2020年08月18日
中国香港特别行政区,4587,2020年08月19日
中国香港特别行政区,4605,2020年08月20日
中国香港特别行政区,4632,2020年08月21日
中国香港特别行政区,4658,2020年08月22日
中国香港特别行政区,4683,2020年08月23日
中国香港特别行政区,4692,2020年08月24日
中国香港特别行政区,4711,2020年08月25日
中国香港特别行政区,4736,2020年08月26日
中国香港特别行政区,4756,2020年08月27日
中国香港特别行政区,4769,2020年08月28日
中国香港特别行政区,4787,2020年08月29日
中国香港特别行政区,4802,2020年08月30日
中国香港特别行政区,4811,2020年08月31日
中国香港特别行政区,4823,2020年09月01日
中国香港特别行政区,4831,2020年09月02日
中国香港特别行政区,4839,2020年09月03日
中国香港特别行政区,4851,2020年09月04日
中国香港特别行政区,4858,2020年09月05日
中国香港特别行政区,4879,2020年09月06日
中国香港特别行政区,4890,2020年09月07日
中国香港特别行政区,4896,2020年09月08日
中国香港特别行政区,4902,2020年09月09日
中国香港特别行政区,4914,2020年09月10日
中国香港特别行政区,4926,2020年09月11日
中国香港特别行政区,4939,2020年09月12日
中国香港特别行政区,4958,2020年09月13日
中国香港特别行政区,4972,2020年09月14日
中国香港特别行政区,4976,2020年09月15日
中国香港特别行政区,4985,2020年09月16日
中国香港特别行政区,4994,2020年09月17日
中国香港特别行政区,4997,2020年09月18日
中国香港特别行政区,5010,2020年09月19日
中国香港特别行政区,5033,2020年09月20日
中国香港特别行政区,5039,2020年09月21日
中国香港特别行政区,5047,2020年09月22日
中国香港特别行政区,5050,2020年09月23日
中国香港特别行政区,5057,2020年09月24日
中国香港特别行政区,5059,2020年09月25日
中国香港特别行政区,5060,2020年09月26日
中国香港特别行政区,5066,2020年09月27日
中国香港特别行政区,5076,2020年09月28日
中国香港特别行政区,5080,2020年09月29日
中国香港特别行政区,5088,2020年09月30日
中国香港特别行政区,5098,2020年10月01日
中国香港特别行政区,5105,2020年10月02日
中国香港特别行政区,5109,2020年10月03日
中国香港特别行政区,5114,2020年10月04日
中国香港特别行政区,5125,2020年10月05日
中国香港特别行政区,5133,2020年10月06日
中国香港特别行政区,5144,2020年10月07日
中国香港特别行政区,5162,2020年10月08日
中国香港特别行政区,5170,2020年10月09日
中国香港特别行政区,5176,2020年10月10日
中国香港特别行政区,5183,2020年10月11日
中国香港特别行政区,5194,2020年10月12日
中国香港特别行政区,5202,2020年10月13日
中国香港特别行政区,5202,2020年10月14日
中国香港特别行政区,5214,2020年10月15日
中国香港特别行政区,5221,2020年10月16日
中国香港特别行政区,5238,2020年10月17日
中国香港特别行政区,5242,2020年10月18日
中国香港特别行政区,5257,2020年10月19日
中国香港特别行政区,5262,2020年10月20日
中国香港特别行政区,5270,2020年10月21日
中国香港特别行政区,5281,2020年10月22日
中国香港特别行政区,5285,2020年10月23日
中国香港特别行政区,5290,2020年10月24日
中国香港特别行政区,5296,2020年10月25日
中国香港特别行政区,5304,2020年10月26日
中国香港特别行政区,5309,2020年10月27日
中国香港特别行政区,5311,2020年10月28日
中国香港特别行政区,5314,2020年10月29日
中国香港特别行政区,5321,2020年10月30日
中国香港特别行政区,5324,2020年10月31日
中国香港特别行政区,5331,2020年11月01日
中国香港特别行政区,5337,2020年11月02日
中国香港特别行政区,5346,2020年11月03日
中国香港特别行政区,5349,2020年11月04日
中国香港特别行政区,5356,2020年11月05日
中国香港特别行政区,5362,2020年11月06日
中国香港特别行政区,5365,2020年11月07日
中国香港特别行政区,5375,2020年11月08日
中国香港特别行政区,5381,2020年11月09日
中国香港特别行政区,5390,2020年11月10日
中国香港特别行政区,5408,2020年11月11日
中国香港特别行政区,5431,2020年11月12日
中国香港特别行政区,5437,2020年11月13日
中国香港特别行政区,5445,2020年11月14日
中国香港特别行政区,5459,2020年11月15日
中国香港特别行政区,5467,2020年11月16日
中国香港特别行政区,5471,2020年11月17日
中国香港特别行政区,5480,2020年11月18日
中国香港特别行政区,5492,2020年11月19日
中国香港特别行政区,5518,2020年11月20日
中国香港特别行政区,5561,2020年11月21日
中国香港特别行政区,5629,2020年11月22日
中国香港特别行政区,5702,2020年11月23日
中国香港特别行政区,5782,2020年11月24日
中国香港特别行政区,5867,2020年11月25日
中国香港特别行政区,5948,2020年11月26日
中国香港特别行政区,6040,2020年11月27日
中国香港特别行政区,6124,2020年11月28日
中国香港特别行政区,6239,2020年11月29日
中国香港特别行政区,6315,2020年11月30日
中国香港特别行政区,6397,2020年12月01日
中国香港特别行政区,6500,2020年12月02日
中国香港特别行政区,6590,2020年12月03日
中国香港特别行政区,6702,2020年12月04日
中国香港特别行政区,6803,2020年12月05日
中国香港特别行政区,6898,2020年12月06日
中国香港特别行政区,6976,2020年12月07日
中国香港特别行政区,7076,2020年12月08日
中国香港特别行政区,7180,2020年12月09日
中国香港特别行政区,7292,2020年12月10日
中国香港特别行政区,7378,2020年12月11日
中国香港特别行政区,7447,2020年12月12日
中国香港特别行政区,7542,2020年12月13日
中国香港特别行政区,7624,2020年12月14日
中国香港特别行政区,7722,2020年12月15日
中国香港特别行政区,7804,2020年12月16日
中国香港特别行政区,7900,2020年12月17日
中国香港特别行政区,7970,2020年12月18日
中国香港特别行政区,8079,2020年12月19日
中国香港特别行政区,8153,2020年12月20日
中国香港特别行政区,8238,2020年12月21日
中国香港特别行政区,8301,2020年12月22日
中国香港特别行政区,8354,2020年12月23日
中国香港特别行政区,8425,2020年12月24日
中国香港特别行政区,8482,2020年12月25日
中国香港特别行政区,8541,2020年12月26日
中国香港特别行政区,8611,2020年12月27日
中国香港特别行政区,8672,2020年12月28日
中国香港特别行政区,8725,2020年12月29日
中国香港特别行政区,8779,2020年12月30日
中国香港特别行政区,8847,2020年12月31日
中国香港特别行政区,8889,2021年01月01日
中国香港特别行政区,8924,2021年01月02日
中国香港特别行政区,8965,2021年01月03日
中国香港特别行政区,9018,2021年01月04日
中国香港特别行政区,9050,2021年01月05日
中国香港特别行政区,9075,2021年01月06日
中国香港特别行政区,9108,2021年01月07日
中国香港特别行政区,9153,2021年01月08日
中国香港特别行政区,9212,2021年01月09日
中国香港特别行政区,9243,2021年01月10日
中国香港特别行政区,9284,2021年01月11日
中国香港特别行政区,9344,2021年01月12日
中国香港特别行政区,9386,2021年01月13日
中国香港特别行政区,9415,2021年01月14日
中国香港特别行政区,9453,2021年01月15日
中国香港特别行政区,9503,2021年01月16日
中国香港特别行政区,9558,2021年01月17日
中国香港特别行政区,9665,2021年01月18日
中国香港特别行政区,9721,2021年01月19日
中国香港特别行政区,9798,2021年01月20日
中国香港特别行政区,9868,2021年01月21日
中国香港特别行政区,9929,2021年01月22日
中国香港特别行政区,10010,2021年01月23日
中国香港特别行政区,10086,2021年01月24日
中国香港特别行政区,10159,2021年01月25日
中国香港特别行政区,10223,2021年01月26日
中国香港特别行政区,10283,2021年01月27日
中国香港特别行政区,10322,2021年01月28日
中国香港特别行政区,10372,2021年01月29日
中国香港特别行政区,10400,2021年01月30日
中国香港特别行政区,10453,2021年01月31日
中国香港特别行政区,10487,2021年02月01日
中国香港特别行政区,10512,2021年02月02日
中国香港特别行政区,10531,2021年02月03日
中国香港特别行政区,10553,2021年02月04日
中国香港特别行政区,10590,2021年02月05日
中国香港特别行政区,10609,2021年02月06日
中国香港特别行政区,10636,2021年02月07日
中国香港特别行政区,10668,2021年02月08日
中国香港特别行政区,10694,2021年02月09日
中国香港特别行政区,10711,2021年02月10日
中国香港特别行政区,10732,2021年02月11日
中国香港特别行政区,10756,2021年02月12日
中国香港特别行政区,10768,2021年02月13日
中国香港特别行政区,10780,2021年02月14日
中国香港特别行政区,10789,2021年02月15日
中国香港特别行政区,10797,2021年02月16日
中国香港特别行政区,10813,2021年02月17日
中国香港特别行政区,10821,2021年02月18日
中国香港特别行政区,10834,2021年02月19日
中国香港特别行政区,10849,2021年02月20日
中国香港特别行政区,10869,2021年02月21日
中国香港特别行政区,10885,2021年02月22日
中国香港特别行政区,10897,2021年02月23日
中国香港特别行政区,10914,2021年02月24日
中国香港特别行政区,10927,2021年02月25日
中国香港特别行政区,10951,2021年02月26日
中国香港特别行政区,10984,2021年02月27日
中国香港特别行政区,11006,2021年02月28日
中国香港特别行政区,11020,2021年03月01日
中国香港特别行政区,11033,2021年03月02日
中国香港特别行政区,11047,2021年03月03日
中国香港特别行政区,11056,2021年03月04日
中国香港特别行政区,11067,2021年03月05日
中国香港特别行政区,11075,2021年03月06日
中国香港特别行政区,11091,2021年03月07日
中国香港特别行政区,11100,2021年03月08日
中国香港特别行政区,11121,2021年03月09日
中国香港特别行政区,11129,2021年03月10日
中国香港特别行政区,11151,2021年03月11日
中国香港特别行政区,11211,2021年03月12日
中国香港特别行政区,11258,2021年03月13日
中国香港特别行政区,11282,2021年03月14日
中国香港特别行政区,11312,2021年03月15日
中国香港特别行政区,11330,2021年03月16日
中国香港特别行政区,11341,2021年03月17日
中国香港特别行政区,11351,2021年03月18日
中国香港特别行政区,11364,2021年03月19日
中国香港特别行政区,11372,2021年03月20日
中国香港特别行政区,11380,2021年03月21日
中国香港特别行政区,11398,2021年03月22日
中国香港特别行政区,11410,2021年03月23日
中国香港特别行政区,11420,2021年03月24日
中国香港特别行政区,11429,2021年03月25日
中国香港特别行政区,11440,2021年03月26日
中国香港特别行政区,11446,2021年03月27日
中国香港特别行政区,11447,2021年03月28日
中国香港特别行政区,11455,2021年03月29日
中国香港特别行政区,11462,2021年03月30日
中国香港特别行政区,11468,2021年03月31日
中国香港特别行政区,11481,2021年04月01日
中国香港特别行政区,11500,2021年04月02日
中国香港特别行政区,11502,2021年04月03日
中国香港特别行政区,11509,2021年04月04日
中国香港特别行政区,11525,2021年04月05日
中国香港特别行政区,11532,2021年04月06日
中国香港特别行政区,11540,2021年04月07日
中国香港特别行政区,11550,2021年04月08日
中国香港特别行政区,11564,2021年04月09日
中国香港特别行政区,11569,2021年04月10日
中国香港特别行政区,11582,2021年04月11日
中国香港特别行政区,11595,2021年04月12日
中国香港特别行政区,11608,2021年04月13日
中国香港特别行政区,11613,2021年04月14日
中国香港特别行政区,11619,2021年04月15日
中国香港特别行政区,11636,2021年04月16日
中国香港特别行政区,11654,2021年04月17日
中国香港特别行政区,11684,2021年04月18日
中国香港特别行政区,11696,2021年04月19日
中国香港特别行政区,11704,2021年04月20日
中国香港特别行政区,11705,2021年04月21日
中国香港特别行政区,11719,2021年04月22日
中国香港特别行政区,11728,2021年04月23日
中国香港特别行政区,11731,2021年04月24日
中国香港特别行政区,11737,2021年04月25日
中国香港特别行政区,11741,2021年04月26日
中国香港特别行政区,11749,2021年04月27日
中国香港特别行政区,11756,2021年04月28日
中国香港特别行政区,11771,2021年04月29日
中国香港特别行政区,11775,2021年04月30日
中国香港特别行政区,11783,2021年05月01日
中国香港特别行政区,11785,2021年05月02日
中国香港特别行政区,11787,2021年05月03日
中国香港特别行政区,11791,2021年05月04日
中国香港特别行政区,11797,2021年05月05日
中国香港特别行政区,11799,2021年05月06日
中国香港特别行政区,11802,2021年05月07日
中国香港特别行政区,11807,2021年05月08日
中国香港特别行政区,11808,2021年05月09日
中国香港特别行政区,11812,2021年05月10日
中国香港特别行政区,11813,2021年05月11日
中国香港特别行政区,11815,2021年05月12日
中国香港特别行政区,11818,2021年05月13日
中国香港特别行政区,11819,2021年05月14日
中国香港特别行政区,11822,2021年05月15日
中国香港特别行政区,11825,2021年05月16日
中国香港特别行政区,11826,2021年05月17日
中国香港特别行政区,11827,2021年05月18日
中国香港特别行政区,11828,2021年05月19日
中国香港特别行政区,11829,2021年05月20日
中国香港特别行政区,11830,2021年05月21日
中国香港特别行政区,11831,2021年05月22日
中国香港特别行政区,11833,2021年05月23日
中国香港特别行政区,11834,2021年05月24日
中国香港特别行政区,11836,2021年05月25日
中国香港特别行政区,11837,2021年05月26日
中国香港特别行政区,11837,2021年05月27日
中国香港特别行政区,11837,2021年05月28日
中国香港特别行政区,11838,2021年05月29日
中国香港特别行政区,11838,2021年05月30日
中国香港特别行政区,11842,2021年05月31日
中国香港特别行政区,11849,2021年06月01日
中国香港特别行政区,11849,2021年06月02日
中国香港特别行政区,11850,2021年06月03日
中国香港特别行政区,11851,2021年06月04日
中国香港特别行政区,11852,2021年06月05日
中国香港特别行政区,11859,2021年06月06日
中国香港特别行政区,11866,2021年06月07日
中国香港特别行政区,11869,2021年06月08日
中国香港特别行政区,11873,2021年06月09日
中国香港特别行政区,11875,2021年06月10日
中国香港特别行政区,11875,2021年06月11日
中国香港特别行政区,11878,2021年06月12日
中国香港特别行政区,11878,2021年06月13日
中国香港特别行政区,11879,2021年06月14日
中国香港特别行政区,11881,2021年06月15日
中国香港特别行政区,11882,2021年06月16日
中国香港特别行政区,11882,2021年06月17日
中国香港特别行政区,11885,2021年06月18日
中国香港特别行政区,11886,2021年06月19日
中国香港特别行政区,11887,2021年06月20日
中国香港特别行政区,11890,2021年06月21日
中国香港特别行政区,11897,2021年06月22日
中国香港特别行政区,11899,2021年06月23日
中国香港特别行政区,11906,2021年06月24日
中国香港特别行政区,11910,2021年06月25日
中国香港特别行政区,11912,2021年06月26日
中国香港特别行政区,11918,2021年06月27日
中国香港特别行政区,11921,2021年06月28日
中国香港特别行政区,11922,2021年06月29日
中国香港特别行政区,11924,2021年06月30日
中国香港特别行政区,11928,2021年07月01日
中国香港特别行政区,11939,2021年07月02日
中国香港特别行政区,11940,2021年07月03日
中国香港特别行政区,11943,2021年07月04日
中国香港特别行政区,11944,2021年07月05日
中国香港特别行政区,11945,2021年07月06日
中国香港特别行政区,11946,2021年07月07日
中国香港特别行政区,11949,2021年07月08日
中国香港特别行政区,11950,2021年07月09日
中国香港特别行政区,11951,2021年07月10日
中国香港特别行政区,11952,2021年07月11日
中国香港特别行政区,11952,2021年07月12日
中国香港特别行政区,11953,2021年07月13日
中国香港特别行政区,11956,2021年07月14日
中国香港特别行政区,11956,2021年07月15日
中国香港特别行政区,11957,2021年07月16日
中国香港特别行政区,11957,2021年07月17日
中国香港特别行政区,11959,2021年07月18日
中国香港特别行政区,11959,2021年07月19日
中国香港特别行政区,11966,2021年07月20日
中国香港特别行政区,11971,2021年07月21日
中国香港特别行政区,11972,2021年07月22日
中国香港特别行政区,11974,2021年07月23日
中国香港特别行政区,11976,2021年07月24日
中国香港特别行政区,11979,2021年07月25日
中国香港特别行政区,11979,2021年07月26日
中国香港特别行政区,11980,2021年07月27日
中国香港特别行政区,11981,2021年07月28日
中国香港特别行政区,11983,2021年07月29日
中国香港特别行政区,11985,2021年07月30日
中国香港特别行政区,11985,2021年07月31日
中国香港特别行政区,11988,2021年08月01日
中国香港特别行政区,11991,2021年08月02日
中国香港特别行政区,11995,2021年08月03日
中国香港特别行政区,11997,2021年08月04日
中国香港特别行政区,12003,2021年08月05日
中国香港特别行政区,12005,2021年08月06日
中国香港特别行政区,12012,2021年08月07日
中国香港特别行政区,12014,2021年08月08日
中国香港特别行政区,12016,2021年08月09日
中国香港特别行政区,12020,2021年08月10日
中国香港特别行政区,12021,2021年08月11日
中国香港特别行政区,12026,2021年08月12日
中国香港特别行政区,12031,2021年08月13日
中国香港特别行政区,12033,2021年08月14日
中国香港特别行政区,12034,2021年08月15日
中国香港特别行政区,12037,2021年08月16日
中国香港特别行政区,12040,2021年08月17日
中国香港特别行政区,12043,2021年08月18日
中国香港特别行政区,12048,2021年08月19日
中国香港特别行政区,12050,2021年08月20日
中国香港特别行政区,12053,2021年08月21日
中国香港特别行政区,12058,2021年08月22日
中国香港特别行政区,12063,2021年08月23日
中国香港特别行政区,12070,2021年08月24日
中国香港特别行政区,12075,2021年08月25日
中国香港特别行政区,12078,2021年08月26日
中国香港特别行政区,12095,2021年08月27日
中国香港特别行政区,12101,2021年08月28日
中国香港特别行政区,12108,2021年08月29日
中国香港特别行政区,12111,2021年08月30日
中国香港特别行政区,12113,2021年08月31日
中国香港特别行政区,12114,2021年09月01日
中国香港特别行政区,12114,2021年09月02日
中国香港特别行政区,12114,2021年09月03日
中国香港特别行政区,12114,2021年09月04日
中国香港特别行政区,12122,2021年09月05日
中国香港特别行政区,12124,2021年09月06日
中国香港特别行政区,12130,2021年09月07日
中国香港特别行政区,12132,2021年09月08日
中国香港特别行政区,12134,2021年09月09日
中国香港特别行政区,12139,2021年09月10日
中国香港特别行政区,12143,2021年09月11日
中国香港特别行政区,12146,2021年09月12日
中国香港特别行政区,12147,2021年09月13日
中国香港特别行政区,12149,2021年09月14日
中国香港特别行政区,12150,2021年09月15日
中国香港特别行政区,12150,2021年09月16日
中国香港特别行政区,12153,2021年09月17日
中国香港特别行政区,12158,2021年09月18日
中国香港特别行政区,12161,2021年09月19日
中国香港特别行政区,12166,2021年09月20日
中国香港特别行政区,12167,2021年09月21日
中国香港特别行政区,12168,2021年09月22日
中国香港特别行政区,12170,2021年09月23日
中国香港特别行政区,12177,2021年09月24日
中国香港特别行政区,12186,2021年09月25日
中国香港特别行政区,12194,2021年09月26日
中国香港特别行政区,12197,2021年09月27日
中国香港特别行政区,12210,2021年09月28日
中国香港特别行政区,12215,2021年09月29日
中国香港特别行政区,12218,2021年09月30日
中国香港特别行政区,12222,2021年10月01日
中国香港特别行政区,12227,2021年10月02日
中国香港特别行政区,12227,2021年10月03日
中国香港特别行政区,12231,2021年10月04日
中国香港特别行政区,12238,2021年10月05日
中国香港特别行政区,12244,2021年10月06日
中国香港特别行政区,12252,2021年10月07日
中国香港特别行政区,12254,2021年10月08日
中国香港特别行政区,12262,2021年10月09日
中国香港特别行政区,12262,2021年10月10日
中国香港特别行政区,12269,2021年10月11日
中国香港特别行政区,12273,2021年10月12日
中国香港特别行政区,12276,2021年10月13日
中国香港特别行政区,12277,2021年10月14日
中国香港特别行政区,12286,2021年10月15日
中国香港特别行政区,12292,2021年10月16日
中国香港特别行政区,12295,2021年10月17日
中国香港特别行政区,12300,2021年10月18日
中国香港特别行政区,12302,2021年10月19日
中国香港特别行政区,12306,2021年10月20日
中国香港特别行政区,12312,2021年10月21日
中国香港特别行政区,12314,2021年10月22日
中国香港特别行政区,12320,2021年10月23日
中国香港特别行政区,12324,2021年10月24日
中国香港特别行政区,12328,2021年10月25日
中国香港特别行政区,12331,2021年10月26日
中国香港特别行政区,12336,2021年10月27日
中国香港特别行政区,12338,2021年10月28日
中国香港特别行政区,12343,2021年10月29日
中国香港特别行政区,12346,2021年10月30日
中国香港特别行政区,12347,2021年10月31日
中国香港特别行政区,12348,2021年11月01日
中国香港特别行政区,12350,2021年11月02日
中国香港特别行政区,12353,2021年11月03日
中国香港特别行政区,12360,2021年11月04日
中国香港特别行政区,12361,2021年11月05日
中国香港特别行政区,12368,2021年11月06日
中国香港特别行政区,12369,2021年11月07日
中国香港特别行政区,12369,2021年11月08日
中国香港特别行政区,12370,2021年11月09日
中国香港特别行政区,12375,2021年11月10日
中国香港特别行政区,12378,2021年11月11日
中国香港特别行政区,12379,2021年11月12日
中国香港特别行政区,12381,2021年11月13日
中国香港特别行政区,12382,2021年11月14日
中国香港特别行政区,12388,2021年11月15日
中国香港特别行政区,12389,2021年11月16日
中国香港特别行政区,12392,2021年11月17日
中国香港特别行政区,12396,2021年11月18日
中国香港特别行政区,12397,2021年11月19日
中国香港特别行政区,12400,2021年11月20日
中国香港特别行政区,12402,2021年11月21日
中国香港特别行政区,12405,2021年11月22日
中国香港特别行政区,12411,2021年11月23日
中国香港特别行政区,12412,2021年11月24日
中国香港特别行政区,12418,2021年11月25日
中国香港特别行政区,12422,2021年11月26日
中国香港特别行政区,12425,2021年11月27日
中国香港特别行政区,12428,2021年11月28日
中国香港特别行政区,12431,2021年11月29日
中国香港特别行政区,12437,2021年11月30日
中国香港特别行政区,12440,2021年12月01日
中国香港特别行政区,12446,2021年12月02日
中国香港特别行政区,12449,2021年12月03日
中国香港特别行政区,12453,2021年12月04日
中国香港特别行政区,12462,2021年12月05日
中国香港特别行政区,12467,2021年12月06日
中国香港特别行政区,12472,2021年12月07日
中国香港特别行政区,12472,2021年12月08日
中国香港特别行政区,12479,2021年12月09日
中国香港特别行政区,12483,2021年12月10日
中国香港特别行政区,12484,2021年12月11日
中国香港特别行政区,12489,2021年12月12日
中国香港特别行政区,12491,2021年12月13日
中国香港特别行政区,12496,2021年12月14日
中国香港特别行政区,12497,2021年12月15日
中国香港特别行政区,12507,2021年12月16日
中国香港特别行政区,12514,2021年12月17日
中国香港特别行政区,12519,2021年12月18日
中国香港特别行政区,12527,2021年12月19日
中国香港特别行政区,12534,2021年12月20日
中国香港特别行政区,12542,2021年12月21日
中国香港特别行政区,12549,2021年12月22日
中国香港特别行政区,12551,2021年12月23日
中国香港特别行政区,12556,2021年12月24日
中国香港特别行政区,12581,2021年12月25日
中国香港特别行政区,12590,2021年12月26日
中国香港特别行政区,12599,2021年12月27日
中国香港特别行政区,12605,2021年12月28日
中国香港特别行政区,12619,2021年12月29日
中国香港特别行政区,12631,2021年12月30日
中国香港特别行政区,12650,2021年12月31日
中国香港特别行政区,13277,2022年01月01日
中国香港特别行政区,13913,2022年01月02日
中国香港特别行政区,14552,2022年01月03日
中国香港特别行政区,15201,2022年01月04日
中国香港特别行政区,15849,2022年01月05日
中国香港特别行政区,16492,2022年01月06日
中国香港特别行政区,17135,2022年01月07日
中国香港特别行政区,17782,2022年01月08日
中国香港特别行政区,18425,2022年01月09日
中国香港特别行政区,19059,2022年01月10日
中国香港特别行政区,19690,2022年01月11日
中国香港特别行政区,20322,2022年01月12日
中国香港特别行政区,20946,2022年01月13日
中国香港特别行政区,21565,2022年01月14日
中国香港特别行政区,22180,2022年01月15日
中国香港特别行政区,22801,2022年01月16日
中国香港特别行政区,23418,2022年01月17日
中国香港特别行政区,24046,2022年01月18日
中国香港特别行政区,24672,2022年01月19日
中国香港特别行政区,25296,2022年01月20日
中国香港特别行政区,25930,2022年01月21日
中国香港特别行政区,26566,2022年01月22日
中国香港特别行政区,27316,2022年01月23日
中国香港特别行政区,28035,2022年01月24日
中国香港特别行政区,28769,2022年01月25日
中国香港特别行政区,29486,2022年01月26日
中国香港特别行政区,30260,2022年01月27日
中国香港特别行政区,30985,2022年01月28日
中国香港特别行政区,31714,2022年01月29日
中国香港特别行政区,32405,2022年01月30日
中国香港特别行政区,33107,2022年01月31日
中国香港特别行政区,33846,2022年02月01日
中国香港特别行政区,34572,2022年02月02日
中国香港特别行政区,35324,2022年02月03日
中国香港特别行政区,36065,2022年02月04日
中国香港特别行政区,37026,2022年02月05日
中国香港特别行政区,37978,2022年02月06日
中国香港特别行政区,39202,2022年02月07日
中国香港特别行政区,40437,2022年02月08日
中国香港特别行政区,42208,2022年02月09日
中国香港特别行政区,43804,2022年02月10日
中国香港特别行政区,45739,2022年02月11日
中国香港特别行政区,47864,2022年02月12日
中国香港特别行政区,49822,2022年02月13日
中国香港特别行政区,52504,2022年02月14日
中国香港特别行政区,54734,2022年02月15日
中国香港特别行政区,59630,2022年02月16日
中国香港特别行政区,66357,2022年02月17日
中国香港特别行政区,70597,2022年02月18日
中国香港特别行政区,77271,2022年02月19日
中国香港特别行政区,83949,2022年02月20日
中国香港特别行政区,92094,2022年02月21日
中国香港特别行政区,98917,2022年02月22日
中国香港特别行政区,108203,2022年02月23日
中国香港特别行政区,117613,2022年02月24日
中国香港特别行政区,128235,2022年02月25日
中国香港特别行政区,168336,2022年02月26日
中国香港特别行政区,217410,2022年02月27日
中国香港特别行政区,274925,2022年02月28日
中国香港特别行政区,330571,2022年03月01日
中国香港特别行政区,408973,2022年03月02日
中国香港特别行政区,488849,2022年03月03日
中国香港特别行政区,564421,2022年03月04日
中国香港特别行政区,627019,2022年03月05日
中国香港特别行政区,667727,2022年03月06日
中国香港特别行政区,700565,2022年03月07日
中国香港特别行政区,736728,2022年03月08日
中国香港特别行政区,770407,2022年03月09日
中国香港特别行政区,801809,2022年03月10日
中国香港特别行政区,831090,2022年03月11日
中国香港特别行政区,858837,2022年03月12日
中国香港特别行政区,891267,2022年03月13日
中国香港特别行政区,918175,2022年03月14日
中国香港特别行政区,945940,2022年03月15日
中国香港特别行政区,975212,2022年03月16日
中国香港特别行政区,996862,2022年03月17日
中国香港特别行政区,1016944,2022年03月18日
中国香港特别行政区,1033541,2022年03月19日
中国香港特别行政区,1047690,2022年03月20日
中国香港特别行政区,1061758,2022年03月21日
中国香港特别行政区,1075910,2022年03月22日
中国香港特别行政区,1088150,2022年03月23日
中国香港特别行政区,1101224,2022年03月24日
中国香港特别行政区,1111629,2022年03月25日
中国香港特别行政区,1120470,2022年03月26日
中国香港特别行政区,1128507,2022年03月27日
中国香港特别行政区,1136192,2022年03月28日
中国香港特别行政区,1143788,2022年03月29日
中国香港特别行政区,1150769,2022年03月30日
中国香港特别行政区,1157415,2022年03月31日
中国香港特别行政区,1163238,2022年04月01日
中国香港特别行政区,1167713,2022年04月02日
中国香港特别行政区,1171422,2022年04月03日
中国香港特别行政区,1174560,2022年04月04日
中国香港特别行政区,1177814,2022年04月05日
中国香港特别行政区,1180591,2022年04月06日
中国香港特别行政区,1183235,2022年04月07日
中国香港特别行政区,1185727,2022年04月08日
中国香港特别行政区,1188262,2022年04月09日
中国香港特别行政区,1190183,2022年04月10日
中国香港特别行政区,1191590,2022年04月11日
中国香港特别行政区,1193023,2022年04月12日
中国香港特别行政区,1194295,2022年04月13日
中国香港特别行政区,1195338,2022年04月14日
中国香港特别行政区,1196284,2022年04月15日
中国香港特别行政区,1197078,2022年04月16日
中国香港特别行政区,1197825,2022年04月17日
中国香港特别行政区,1198438,2022年04月18日
中国香港特别行政区,1199038,2022年04月19日
中国香港特别行政区,1199706,2022年04月20日
中国香港特别行政区,1200334,2022年04月21日
中国香港特别行政区,1200908,2022年04月22日
中国香港特别行政区,1201431,2022年04月23日
中国香港特别行政区,1201860,2022年04月24日
中国香港特别行政区,1202291,2022年04月25日
中国香港特别行政区,1202638,2022年04月26日
中国香港特别行政区,1203068,2022年04月27日
中国香港特别行政区,1203481,2022年04月28日
中国香港特别行政区,1203847,2022年04月29日
中国香港特别行政区,1204210,2022年04月30日
中国香港特别行政区,1204510,2022年05月01日
中国香港特别行政区,1204793,2022年05月02日
中国香港特别行政区,1205083,2022年05月03日
中国香港特别行政区,1205396,2022年05月04日
中国香港特别行政区,1205717,2022年05月05日
中国香港特别行政区,1206041,2022年05月06日
中国香港特别行政区,1206319,2022年05月07日
中国香港特别行政区,1206585,2022年05月08日
中国香港特别行政区,1206818,2022年05月09日
中国香港特别行政区,1207091,2022年05月10日
中国香港特别行政区,1207371,2022年05月11日
中国香港特别行政区,1207665,2022年05月12日
中国香港特别行政区,1207963,2022年05月13日
中国香港特别行政区,1208247,2022年05月14日
中国香港特别行政区,1208506,2022年05月15日
中国香港特别行政区,1208740,2022年05月16日
中国香港特别行政区,1209068,2022年05月17日
中国香港特别行政区,1209397,2022年05月18日
中国香港特别行政区,1209688,2022年05月19日
中国香港特别行政区,1209931,2022年05月20日
中国香港特别行政区,1210159,2022年05月21日
中国香港特别行政区,1210396,2022年05月22日
中国香港特别行政区,1210586,2022年05月23日
中国香港特别行政区,1210836,2022年05月24日
中国香港特别行政区,1211087,2022年05月25日
中国香港特别行政区,1211338,2022年05月26日
中国香港特别行政区,1211588,2022年05月27日
中国香港特别行政区,1211858,2022年05月28日
中国香港特别行政区,1212095,2022年05月29日
中国香港特别行政区,1212370,2022年05月30日
中国香港特别行政区,1212699,2022年05月31日
中国香港特别行政区,1213204,2022年06月01日
中国香港特别行政区,1213693,2022年06月02日
中国香港特别行政区,1214192,2022年06月03日
中国香港特别行政区,1214638,2022年06月04日
中国香港特别行政区,1215153,2022年06月05日
中国香港特别行政区,1215696,2022年06月06日
中国香港特别行政区,1215935,2022年06月07日
中国香港特别行政区,1216228,2022年06月08日
中国香港特别行政区,1216842,2022年06月09日
中国香港特别行政区,1217510,2022年06月10日
中国香港特别行政区,1218361,2022年06月11日
中国香港特别行政区,1219175,2022年06月12日
中国香港特别行政区,1219912,2022年06月13日
中国香港特别行政区,1220581,2022年06月14日
中国香港特别行政区,1221808,2022年06月15日
中国香港特别行政区,1222987,2022年06月16日
中国香港特别行政区,1224132,2022年06月17日
中国香港特别行政区,1225408,2022年06月18日
中国香港特别行政区,1226684,2022年06月19日
中国香港特别行政区,1228011,2022年06月20日
中国香港特别行政区,1229209,2022年06月21日
中国香港特别行政区,1230656,2022年06月22日
中国香港特别行政区,1232306,2022年06月23日
中国香港特别行政区,1234166,2022年06月24日
中国香港特别行政区,1235960,2022年06月25日
中国香港特别行政区,1237877,2022年06月26日
中国香港特别行政区,1239750,2022年06月27日
中国香港特别行政区,1241435,2022年06月28日
中国香港特别行政区,1243439,2022年06月29日
中国香港特别行政区,1245797,2022年06月30日
中国香港特别行政区,1248115,2022年07月01日
中国香港特别行政区,1250342,2022年07月02日
中国香港特别行政区,1252170,2022年07月03日
中国香港特别行政区,1254011,2022年07月04日
中国香港特别行政区,1256279,2022年07月05日
中国香港特别行政区,1259094,2022年07月06日
中国香港特别行政区,1262122,2022年07月07日
中国香港特别行政区,1265067,2022年07月08日
中国香港特别行政区,1268062,2022年07月09日
中国香港特别行政区,1271054,2022年07月10日
中国香港特别行政区,1273917,2022年07月11日
中国香港特别行政区,1276686,2022年07月12日
中国香港特别行政区,1279840,2022年07月13日
中国香港特别行政区,1283514,2022年07月14日
中国香港特别行政区,1287088,2022年07月15日
中国香港特别行政区,1290850,2022年07月16日
中国香港特别行政区,1294336,2022年07月17日
中国香港特别行政区,1297772,2022年07月18日
中国香港特别行政区,1301028,2022年07月19日
中国香港特别行政区,1304833,2022年07月20日
中国香港特别行政区,1309208,2022年07月21日
中国香港特别行政区,1313478,2022年07月22日
中国香港特别行政区,1317743,2022年07月23日
中国香港特别行政区,1321993,2022年07月24日
中国香港特别行政区,1326123,2022年07月25日
中国香港特别行政区,1330399,2022年07月26日
中国香港特别行政区,1334907,2022年07月27日
中国香港特别行政区,1339793,2022年07月28日
中国香港特别行政区,1344677,2022年07月29日
中国香港特别行政区,1349360,2022年07月30日
中国香港特别行政区,1353994,2022年07月31日
中国香港特别行政区,1358248,2022年08月01日
中国香港特别行政区,1362371,2022年08月02日
中国香港特别行政区,1366918,2022年08月03日
中国香港特别行政区,1371938,2022年08月04日
中国香港特别行政区,1376366,2022年08月05日
中国香港特别行政区,1380968,2022年08月06日
中国香港特别行政区,1385242,2022年08月07日
中国香港特别行政区,1389282,2022年08月08日
中国香港特别行政区,1393327,2022年08月09日
中国香港特别行政区,1397920,2022年08月10日
中国澳门特别行政区,10,2020年02月15日
中国澳门特别行政区,10,2020年02月16日
中国澳门特别行政区,10,2020年02月17日
中国澳门特别行政区,10,2020年02月18日
中国澳门特别行政区,10,2020年02月19日
中国澳门特别行政区,10,2020年02月20日
中国澳门特别行政区,10,2020年02月21日
中国澳门特别行政区,10,2020年02月22日
中国澳门特别行政区,10,2020年02月23日
中国澳门特别行政区,10,2020年02月24日
中国澳门特别行政区,10,2020年02月25日
中国澳门特别行政区,10,2020年02月26日
中国澳门特别行政区,10,2020年02月27日
中国澳门特别行政区,10,2020年02月28日
中国澳门特别行政区,10,2020年02月29日
中国澳门特别行政区,10,2020年03月01日
中国澳门特别行政区,10,2020年03月02日
中国澳门特别行政区,10,2020年03月03日
中国澳门特别行政区,10,2020年03月04日
中国澳门特别行政区,10,2020年03月05日
中国澳门特别行政区,10,2020年03月06日
中国澳门特别行政区,10,2020年03月07日
中国澳门特别行政区,10,2020年03月08日
中国澳门特别行政区,10,2020年03月09日
中国澳门特别行政区,10,2020年03月10日
中国澳门特别行政区,10,2020年03月11日
中国澳门特别行政区,10,2020年03月12日
中国澳门特别行政区,10,2020年03月13日
中国澳门特别行政区,10,2020年03月14日
中国澳门特别行政区,11,2020年03月15日
中国澳门特别行政区,12,2020年03月16日
中国澳门特别行政区,13,2020年03月17日
中国澳门特别行政区,17,2020年03月18日
中国澳门特别行政区,17,2020年03月19日
中国澳门特别行政区,17,2020年03月20日
中国澳门特别行政区,19,2020年03月21日
中国澳门特别行政区,22,2020年03月22日
中国澳门特别行政区,25,2020年03月23日
中国澳门特别行政区,29,2020年03月24日
中国澳门特别行政区,31,2020年03月25日
中国澳门特别行政区,33,2020年03月26日
中国澳门特别行政区,34,2020年03月27日
中国澳门特别行政区,34,2020年03月28日
中国澳门特别行政区,37,2020年03月29日
中国澳门特别行政区,38,2020年03月30日
中国澳门特别行政区,41,2020年03月31日
中国澳门特别行政区,41,2020年04月01日
中国澳门特别行政区,41,2020年04月02日
中国澳门特别行政区,42,2020年04月03日
中国澳门特别行政区,44,2020年04月04日
中国澳门特别行政区,44,2020年04月05日
中国澳门特别行政区,44,2020年04月06日
中国澳门特别行政区,44,2020年04月07日
中国澳门特别行政区,45,2020年04月08日
中国澳门特别行政区,45,2020年04月09日
中国澳门特别行政区,45,2020年04月10日
中国澳门特别行政区,45,2020年04月11日
中国澳门特别行政区,45,2020年04月12日
中国澳门特别行政区,45,2020年04月13日
中国澳门特别行政区,45,2020年04月14日
中国澳门特别行政区,45,2020年04月15日
中国澳门特别行政区,45,2020年04月16日
中国澳门特别行政区,45,2020年04月17日
中国澳门特别行政区,45,2020年04月18日
中国澳门特别行政区,45,2020年04月19日
中国澳门特别行政区,45,2020年04月20日
中国澳门特别行政区,45,2020年04月21日
中国澳门特别行政区,45,2020年04月22日
中国澳门特别行政区,45,2020年04月23日
中国澳门特别行政区,45,2020年04月24日
中国澳门特别行政区,45,2020年04月25日
中国澳门特别行政区,45,2020年04月26日
中国澳门特别行政区,45,2020年04月27日
中国澳门特别行政区,45,2020年04月28日
中国澳门特别行政区,45,2020年04月29日
中国澳门特别行政区,45,2020年04月30日
中国澳门特别行政区,45,2020年05月01日
中国澳门特别行政区,45,2020年05月02日
中国澳门特别行政区,45,2020年05月03日
中国澳门特别行政区,45,2020年05月04日
中国澳门特别行政区,45,2020年05月05日
中国澳门特别行政区,45,2020年05月06日
中国澳门特别行政区,45,2020年05月07日
中国澳门特别行政区,45,2020年05月08日
中国澳门特别行政区,45,2020年05月09日
中国澳门特别行政区,45,2020年05月10日
中国澳门特别行政区,45,2020年05月11日
中国澳门特别行政区,45,2020年05月12日
中国澳门特别行政区,45,2020年05月13日
中国澳门特别行政区,45,2020年05月14日
中国澳门特别行政区,45,2020年05月15日
中国澳门特别行政区,45,2020年05月16日
中国澳门特别行政区,45,2020年05月17日
中国澳门特别行政区,45,2020年05月18日
中国澳门特别行政区,45,2020年05月19日
中国澳门特别行政区,45,2020年05月20日
中国澳门特别行政区,45,2020年05月21日
中国澳门特别行政区,45,2020年05月22日
中国澳门特别行政区,45,2020年05月23日
中国澳门特别行政区,45,2020年05月24日
中国澳门特别行政区,45,2020年05月25日
中国澳门特别行政区,45,2020年05月26日
中国澳门特别行政区,45,2020年05月27日
中国澳门特别行政区,45,2020年05月28日
中国澳门特别行政区,45,2020年05月29日
中国澳门特别行政区,45,2020年05月30日
中国澳门特别行政区,45,2020年05月31日
中国澳门特别行政区,45,2020年06月01日
中国澳门特别行政区,45,2020年06月02日
中国澳门特别行政区,45,2020年06月03日
中国澳门特别行政区,45,2020年06月04日
中国澳门特别行政区,45,2020年06月05日
中国澳门特别行政区,45,2020年06月06日
中国澳门特别行政区,45,2020年06月07日
中国澳门特别行政区,45,2020年06月08日
中国澳门特别行政区,45,2020年06月09日
中国澳门特别行政区,45,2020年06月10日
中国澳门特别行政区,45,2020年06月11日
中国澳门特别行政区,45,2020年06月12日
中国澳门特别行政区,45,2020年06月13日
中国澳门特别行政区,45,2020年06月14日
中国澳门特别行政区,45,2020年06月15日
中国澳门特别行政区,45,2020年06月16日
中国澳门特别行政区,45,2020年06月17日
中国澳门特别行政区,45,2020年06月18日
中国澳门特别行政区,45,2020年06月19日
中国澳门特别行政区,45,2020年06月20日
中国澳门特别行政区,45,2020年06月21日
中国澳门特别行政区,45,2020年06月22日
中国澳门特别行政区,45,2020年06月23日
中国澳门特别行政区,45,2020年06月24日
中国澳门特别行政区,45,2020年06月25日
中国澳门特别行政区,46,2020年06月26日
中国澳门特别行政区,46,2020年06月27日
中国澳门特别行政区,46,2020年06月28日
中国澳门特别行政区,46,2020年06月29日
中国澳门特别行政区,46,2020年06月30日
中国澳门特别行政区,46,2020年07月01日
中国澳门特别行政区,46,2020年07月02日
中国澳门特别行政区,46,2020年07月03日
中国澳门特别行政区,46,2020年07月04日
中国澳门特别行政区,46,2020年07月05日
中国澳门特别行政区,46,2020年07月06日
中国澳门特别行政区,46,2020年07月07日
中国澳门特别行政区,46,2020年07月08日
中国澳门特别行政区,46,2020年07月09日
中国澳门特别行政区,46,2020年07月10日
中国澳门特别行政区,46,2020年07月11日
中国澳门特别行政区,46,2020年07月12日
中国澳门特别行政区,46,2020年07月13日
中国澳门特别行政区,46,2020年07月14日
中国澳门特别行政区,46,2020年07月15日
中国澳门特别行政区,46,2020年07月16日
中国澳门特别行政区,46,2020年07月17日
中国澳门特别行政区,46,2020年07月18日
中国澳门特别行政区,46,2020年07月19日
中国澳门特别行政区,46,2020年07月20日
中国澳门特别行政区,46,2020年07月21日
中国澳门特别行政区,46,2020年07月22日
中国澳门特别行政区,46,2020年07月23日
中国澳门特别行政区,46,2020年07月24日
中国澳门特别行政区,46,2020年07月25日
中国澳门特别行政区,46,2020年07月26日
中国澳门特别行政区,46,2020年07月27日
中国澳门特别行政区,46,2020年07月28日
中国澳门特别行政区,46,2020年07月29日
中国澳门特别行政区,46,2020年07月30日
中国澳门特别行政区,46,2020年07月31日
中国澳门特别行政区,46,2020年08月01日
中国澳门特别行政区,46,2020年08月02日
中国澳门特别行政区,46,2020年08月03日
中国澳门特别行政区,46,2020年08月04日
中国澳门特别行政区,46,2020年08月05日
中国澳门特别行政区,46,2020年08月06日
中国澳门特别行政区,46,2020年08月07日
中国澳门特别行政区,46,2020年08月08日
中国澳门特别行政区,46,2020年08月09日
中国澳门特别行政区,46,2020年08月10日
中国澳门特别行政区,46,2020年08月11日
中国澳门特别行政区,46,2020年08月12日
中国澳门特别行政区,46,2020年08月13日
中国澳门特别行政区,46,2020年08月14日
中国澳门特别行政区,46,2020年08月15日
中国澳门特别行政区,46,2020年08月16日
中国澳门特别行政区,46,2020年08月17日
中国澳门特别行政区,46,2020年08月18日
中国澳门特别行政区,46,2020年08月19日
中国澳门特别行政区,46,2020年08月20日
中国澳门特别行政区,46,2020年08月21日
中国澳门特别行政区,46,2020年08月22日
中国澳门特别行政区,46,2020年08月23日
中国澳门特别行政区,46,2020年08月24日
中国澳门特别行政区,46,2020年08月25日
中国澳门特别行政区,46,2020年08月26日
中国澳门特别行政区,46,2020年08月27日
中国澳门特别行政区,46,2020年08月28日
中国澳门特别行政区,46,2020年08月29日
中国澳门特别行政区,46,2020年08月30日
中国澳门特别行政区,46,2020年08月31日
中国澳门特别行政区,46,2020年09月01日
中国澳门特别行政区,46,2020年09月02日
中国澳门特别行政区,46,2020年09月03日
中国澳门特别行政区,46,2020年09月04日
中国澳门特别行政区,46,2020年09月05日
中国澳门特别行政区,46,2020年09月06日
中国澳门特别行政区,46,2020年09月07日
中国澳门特别行政区,46,2020年09月08日
中国澳门特别行政区,46,2020年09月09日
中国澳门特别行政区,46,2020年09月10日
中国澳门特别行政区,46,2020年09月11日
中国澳门特别行政区,46,2020年09月12日
中国澳门特别行政区,46,2020年09月13日
中国澳门特别行政区,46,2020年09月14日
中国澳门特别行政区,46,2020年09月15日
中国澳门特别行政区,46,2020年09月16日
中国澳门特别行政区,46,2020年09月17日
中国澳门特别行政区,46,2020年09月18日
中国澳门特别行政区,46,2020年09月19日
中国澳门特别行政区,46,2020年09月20日
中国澳门特别行政区,46,2020年09月21日
中国澳门特别行政区,46,2020年09月22日
中国澳门特别行政区,46,2020年09月23日
中国澳门特别行政区,46,2020年09月24日
中国澳门特别行政区,46,2020年09月25日
中国澳门特别行政区,46,2020年09月26日
中国澳门特别行政区,46,2020年09月27日
中国澳门特别行政区,46,2020年09月28日
中国澳门特别行政区,46,2020年09月29日
中国澳门特别行政区,46,2020年09月30日
中国澳门特别行政区,46,2020年10月01日
中国澳门特别行政区,46,2020年10月02日
中国澳门特别行政区,46,2020年10月03日
中国澳门特别行政区,46,2020年10月04日
中国澳门特别行政区,46,2020年10月05日
中国澳门特别行政区,46,2020年10月06日
中国澳门特别行政区,46,2020年10月07日
中国澳门特别行政区,46,2020年10月08日
中国澳门特别行政区,46,2020年10月09日
中国澳门特别行政区,46,2020年10月10日
中国澳门特别行政区,46,2020年10月11日
中国澳门特别行政区,46,2020年10月12日
中国澳门特别行政区,46,2020年10月13日
中国澳门特别行政区,46,2020年10月14日
中国澳门特别行政区,46,2020年10月15日
中国澳门特别行政区,46,2020年10月16日
中国澳门特别行政区,46,2020年10月17日
中国澳门特别行政区,46,2020年10月18日
中国澳门特别行政区,46,2020年10月19日
中国澳门特别行政区,46,2020年10月20日
中国澳门特别行政区,46,2020年10月21日
中国澳门特别行政区,46,2020年10月22日
中国澳门特别行政区,46,2020年10月23日
中国澳门特别行政区,46,2020年10月24日
中国澳门特别行政区,46,2020年10月25日
中国澳门特别行政区,46,2020年10月26日
中国澳门特别行政区,46,2020年10月27日
中国澳门特别行政区,46,2020年10月28日
中国澳门特别行政区,46,2020年10月29日
中国澳门特别行政区,46,2020年10月30日
中国澳门特别行政区,46,2020年10月31日
中国澳门特别行政区,46,2020年11月01日
中国澳门特别行政区,46,2020年11月02日
中国澳门特别行政区,46,2020年11月03日
中国澳门特别行政区,46,2020年11月04日
中国澳门特别行政区,46,2020年11月05日
中国澳门特别行政区,46,2020年11月06日
中国澳门特别行政区,46,2020年11月07日
中国澳门特别行政区,46,2020年11月08日
中国澳门特别行政区,46,2020年11月09日
中国澳门特别行政区,46,2020年11月10日
中国澳门特别行政区,46,2020年11月11日
中国澳门特别行政区,46,2020年11月12日
中国澳门特别行政区,46,2020年11月13日
中国澳门特别行政区,46,2020年11月14日
中国澳门特别行政区,46,2020年11月15日
中国澳门特别行政区,46,2020年11月16日
中国澳门特别行政区,46,2020年11月17日
中国澳门特别行政区,46,2020年11月18日
中国澳门特别行政区,46,2020年11月19日
中国澳门特别行政区,46,2020年11月20日
中国澳门特别行政区,46,2020年11月21日
中国澳门特别行政区,46,2020年11月22日
中国澳门特别行政区,46,2020年11月23日
中国澳门特别行政区,46,2020年11月24日
中国澳门特别行政区,46,2020年11月25日
中国澳门特别行政区,46,2020年11月26日
中国澳门特别行政区,46,2020年11月27日
中国澳门特别行政区,46,2020年11月28日
中国澳门特别行政区,46,2020年11月29日
中国澳门特别行政区,46,2020年11月30日
中国澳门特别行政区,46,2020年12月01日
中国澳门特别行政区,46,2020年12月02日
中国澳门特别行政区,46,2020年12月03日
中国澳门特别行政区,46,2020年12月04日
中国澳门特别行政区,46,2020年12月05日
中国澳门特别行政区,46,2020年12月06日
中国澳门特别行政区,46,2020年12月07日
中国澳门特别行政区,46,2020年12月08日
中国澳门特别行政区,46,2020年12月09日
中国澳门特别行政区,46,2020年12月10日
中国澳门特别行政区,46,2020年12月11日
中国澳门特别行政区,46,2020年12月12日
中国澳门特别行政区,46,2020年12月13日
中国澳门特别行政区,46,2020年12月14日
中国澳门特别行政区,46,2020年12月15日
中国澳门特别行政区,46,2020年12月16日
中国澳门特别行政区,46,2020年12月17日
中国澳门特别行政区,46,2020年12月18日
中国澳门特别行政区,46,2020年12月19日
中国澳门特别行政区,46,2020年12月20日
中国澳门特别行政区,46,2020年12月21日
中国澳门特别行政区,46,2020年12月22日
中国澳门特别行政区,46,2020年12月23日
中国澳门特别行政区,46,2020年12月24日
中国澳门特别行政区,46,2020年12月25日
中国澳门特别行政区,46,2020年12月26日
中国澳门特别行政区,46,2020年12月27日
中国澳门特别行政区,46,2020年12月28日
中国澳门特别行政区,46,2020年12月29日
中国澳门特别行政区,46,2020年12月30日
中国澳门特别行政区,46,2020年12月31日
中国澳门特别行政区,46,2021年01月01日
中国澳门特别行政区,46,2021年01月02日
中国澳门特别行政区,46,2021年01月03日
中国澳门特别行政区,46,2021年01月04日
中国澳门特别行政区,46,2021年01月05日
中国澳门特别行政区,46,2021年01月06日
中国澳门特别行政区,46,2021年01月07日
中国澳门特别行政区,46,2021年01月08日
中国澳门特别行政区,46,2021年01月09日
中国澳门特别行政区,46,2021年01月10日
中国澳门特别行政区,46,2021年01月11日
中国澳门特别行政区,46,2021年01月12日
中国澳门特别行政区,46,2021年01月13日
中国澳门特别行政区,46,2021年01月14日
中国澳门特别行政区,46,2021年01月15日
中国澳门特别行政区,46,2021年01月16日
中国澳门特别行政区,46,2021年01月17日
中国澳门特别行政区,46,2021年01月18日
中国澳门特别行政区,46,2021年01月19日
中国澳门特别行政区,46,2021年01月20日
中国澳门特别行政区,46,2021年01月21日
中国澳门特别行政区,47,2021年01月22日
中国澳门特别行政区,47,2021年01月23日
中国澳门特别行政区,47,2021年01月24日
中国澳门特别行政区,47,2021年01月25日
中国澳门特别行政区,47,2021年01月26日
中国澳门特别行政区,47,2021年01月27日
中国澳门特别行政区,47,2021年01月28日
中国澳门特别行政区,47,2021年01月29日
中国澳门特别行政区,47,2021年01月30日
中国澳门特别行政区,47,2021年01月31日
中国澳门特别行政区,47,2021年02月01日
中国澳门特别行政区,47,2021年02月02日
中国澳门特别行政区,47,2021年02月03日
中国澳门特别行政区,47,2021年02月04日
中国澳门特别行政区,48,2021年02月05日
中国澳门特别行政区,48,2021年02月06日
中国澳门特别行政区,48,2021年02月07日
中国澳门特别行政区,48,2021年02月08日
中国澳门特别行政区,48,2021年02月09日
中国澳门特别行政区,48,2021年02月10日
中国澳门特别行政区,48,2021年02月11日
中国澳门特别行政区,48,2021年02月12日
中国澳门特别行政区,48,2021年02月13日
中国澳门特别行政区,48,2021年02月14日
中国澳门特别行政区,48,2021年02月15日
中国澳门特别行政区,48,2021年02月16日
中国澳门特别行政区,48,2021年02月17日
中国澳门特别行政区,48,2021年02月18日
中国澳门特别行政区,48,2021年02月19日
中国澳门特别行政区,48,2021年02月20日
中国澳门特别行政区,48,2021年02月21日
中国澳门特别行政区,48,2021年02月22日
中国澳门特别行政区,48,2021年02月23日
中国澳门特别行政区,48,2021年02月24日
中国澳门特别行政区,48,2021年02月25日
中国澳门特别行政区,48,2021年02月26日
中国澳门特别行政区,48,2021年02月27日
中国澳门特别行政区,48,2021年02月28日
中国澳门特别行政区,48,2021年03月01日
中国澳门特别行政区,48,2021年03月02日
中国澳门特别行政区,48,2021年03月03日
中国澳门特别行政区,48,2021年03月04日
中国澳门特别行政区,48,2021年03月05日
中国澳门特别行政区,48,2021年03月06日
中国澳门特别行政区,48,2021年03月07日
中国澳门特别行政区,48,2021年03月08日
中国澳门特别行政区,48,2021年03月09日
中国澳门特别行政区,48,2021年03月10日
中国澳门特别行政区,48,2021年03月11日
中国澳门特别行政区,48,2021年03月12日
中国澳门特别行政区,48,2021年03月13日
中国澳门特别行政区,48,2021年03月14日
中国澳门特别行政区,48,2021年03月15日
中国澳门特别行政区,48,2021年03月16日
中国澳门特别行政区,48,2021年03月17日
中国澳门特别行政区,48,2021年03月18日
中国澳门特别行政区,48,2021年03月19日
中国澳门特别行政区,48,2021年03月20日
中国澳门特别行政区,48,2021年03月21日
中国澳门特别行政区,48,2021年03月22日
中国澳门特别行政区,48,2021年03月23日
中国澳门特别行政区,48,2021年03月24日
中国澳门特别行政区,48,2021年03月25日
中国澳门特别行政区,48,2021年03月26日
中国澳门特别行政区,48,2021年03月27日
中国澳门特别行政区,48,2021年03月28日
中国澳门特别行政区,48,2021年03月29日
中国澳门特别行政区,48,2021年03月30日
中国澳门特别行政区,48,2021年03月31日
中国澳门特别行政区,48,2021年04月01日
中国澳门特别行政区,48,2021年04月02日
中国澳门特别行政区,48,2021年04月03日
中国澳门特别行政区,48,2021年04月04日
中国澳门特别行政区,48,2021年04月05日
中国澳门特别行政区,48,2021年04月06日
中国澳门特别行政区,48,2021年04月07日
中国澳门特别行政区,48,2021年04月08日
中国澳门特别行政区,49,2021年04月09日
中国澳门特别行政区,49,2021年04月10日
中国澳门特别行政区,49,2021年04月11日
中国澳门特别行政区,49,2021年04月12日
中国澳门特别行政区,49,2021年04月13日
中国澳门特别行政区,49,2021年04月14日
中国澳门特别行政区,49,2021年04月15日
中国澳门特别行政区,49,2021年04月16日
中国澳门特别行政区,49,2021年04月17日
中国澳门特别行政区,49,2021年04月18日
中国澳门特别行政区,49,2021年04月19日
中国澳门特别行政区,49,2021年04月20日
中国澳门特别行政区,49,2021年04月21日
中国澳门特别行政区,49,2021年04月22日
中国澳门特别行政区,49,2021年04月23日
中国澳门特别行政区,49,2021年04月24日
中国澳门特别行政区,49,2021年04月25日
中国澳门特别行政区,49,2021年04月26日
中国澳门特别行政区,49,2021年04月27日
中国澳门特别行政区,49,2021年04月28日
中国澳门特别行政区,49,2021年04月29日
中国澳门特别行政区,49,2021年04月30日
中国澳门特别行政区,49,2021年05月01日
中国澳门特别行政区,49,2021年05月02日
中国澳门特别行政区,49,2021年05月03日
中国澳门特别行政区,49,2021年05月04日
中国澳门特别行政区,49,2021年05月05日
中国澳门特别行政区,49,2021年05月06日
中国澳门特别行政区,49,2021年05月07日
中国澳门特别行政区,49,2021年05月08日
中国澳门特别行政区,49,2021年05月09日
中国澳门特别行政区,49,2021年05月10日
中国澳门特别行政区,49,2021年05月11日
中国澳门特别行政区,49,2021年05月12日
中国澳门特别行政区,49,2021年05月13日
中国澳门特别行政区,49,2021年05月14日
中国澳门特别行政区,49,2021年05月15日
中国澳门特别行政区,49,2021年05月16日
中国澳门特别行政区,50,2021年05月17日
中国澳门特别行政区,50,2021年05月18日
中国澳门特别行政区,50,2021年05月19日
中国澳门特别行政区,50,2021年05月20日
中国澳门特别行政区,50,2021年05月21日
中国澳门特别行政区,50,2021年05月22日
中国澳门特别行政区,50,2021年05月23日
中国澳门特别行政区,50,2021年05月24日
中国澳门特别行政区,51,2021年05月25日
中国澳门特别行政区,51,2021年05月26日
中国澳门特别行政区,51,2021年05月27日
中国澳门特别行政区,51,2021年05月28日
中国澳门特别行政区,51,2021年05月29日
中国澳门特别行政区,51,2021年05月30日
中国澳门特别行政区,51,2021年05月31日
中国澳门特别行政区,51,2021年06月01日
中国澳门特别行政区,51,2021年06月02日
中国澳门特别行政区,51,2021年06月03日
中国澳门特别行政区,51,2021年06月04日
中国澳门特别行政区,51,2021年06月05日
中国澳门特别行政区,51,2021年06月06日
中国澳门特别行政区,51,2021年06月07日
中国澳门特别行政区,51,2021年06月08日
中国澳门特别行政区,51,2021年06月09日
中国澳门特别行政区,52,2021年06月10日
中国澳门特别行政区,52,2021年06月11日
中国澳门特别行政区,52,2021年06月12日
中国澳门特别行政区,52,2021年06月13日
中国澳门特别行政区,52,2021年06月14日
中国澳门特别行政区,52,2021年06月15日
中国澳门特别行政区,52,2021年06月16日
中国澳门特别行政区,53,2021年06月17日
中国澳门特别行政区,53,2021年06月18日
中国澳门特别行政区,53,2021年06月19日
中国澳门特别行政区,53,2021年06月20日
中国澳门特别行政区,53,2021年06月21日
中国澳门特别行政区,53,2021年06月22日
中国澳门特别行政区,53,2021年06月23日
中国澳门特别行政区,53,2021年06月24日
中国澳门特别行政区,53,2021年06月25日
中国澳门特别行政区,53,2021年06月26日
中国澳门特别行政区,53,2021年06月27日
中国澳门特别行政区,54,2021年06月28日
中国澳门特别行政区,54,2021年06月29日
中国澳门特别行政区,54,2021年06月30日
中国澳门特别行政区,54,2021年07月01日
中国澳门特别行政区,54,2021年07月02日
中国澳门特别行政区,54,2021年07月03日
中国澳门特别行政区,55,2021年07月04日
中国澳门特别行政区,55,2021年07月05日
中国澳门特别行政区,55,2021年07月06日
中国澳门特别行政区,55,2021年07月07日
中国澳门特别行政区,55,2021年07月08日
中国澳门特别行政区,55,2021年07月09日
中国澳门特别行政区,55,2021年07月10日
中国澳门特别行政区,55,2021年07月11日
中国澳门特别行政区,55,2021年07月12日
中国澳门特别行政区,55,2021年07月13日
中国澳门特别行政区,55,2021年07月14日
中国澳门特别行政区,55,2021年07月15日
中国澳门特别行政区,55,2021年07月16日
中国澳门特别行政区,55,2021年07月17日
中国澳门特别行政区,55,2021年07月18日
中国澳门特别行政区,55,2021年07月19日
中国澳门特别行政区,55,2021年07月20日
中国澳门特别行政区,56,2021年07月21日
中国澳门特别行政区,56,2021年07月22日
中国澳门特别行政区,56,2021年07月23日
中国澳门特别行政区,58,2021年07月24日
中国澳门特别行政区,59,2021年07月25日
中国澳门特别行政区,59,2021年07月26日
中国澳门特别行政区,59,2021年07月27日
中国澳门特别行政区,59,2021年07月28日
中国澳门特别行政区,59,2021年07月29日
中国澳门特别行政区,59,2021年07月30日
中国澳门特别行政区,59,2021年07月31日
中国澳门特别行政区,59,2021年08月01日
中国澳门特别行政区,59,2021年08月02日
中国澳门特别行政区,59,2021年08月03日
中国澳门特别行政区,63,2021年08月04日
中国澳门特别行政区,63,2021年08月05日
中国澳门特别行政区,63,2021年08月06日
中国澳门特别行政区,63,2021年08月07日
中国澳门特别行政区,63,2021年08月08日
中国澳门特别行政区,63,2021年08月09日
中国澳门特别行政区,63,2021年08月10日
中国澳门特别行政区,63,2021年08月11日
中国澳门特别行政区,63,2021年08月12日
中国澳门特别行政区,63,2021年08月13日
中国澳门特别行政区,63,2021年08月14日
中国澳门特别行政区,63,2021年08月15日
中国澳门特别行政区,63,2021年08月16日
中国澳门特别行政区,63,2021年08月17日
中国澳门特别行政区,63,2021年08月18日
中国澳门特别行政区,63,2021年08月19日
中国澳门特别行政区,63,2021年08月20日
中国澳门特别行政区,63,2021年08月21日
中国澳门特别行政区,63,2021年08月22日
中国澳门特别行政区,63,2021年08月23日
中国澳门特别行政区,63,2021年08月24日
中国澳门特别行政区,63,2021年08月25日
中国澳门特别行政区,63,2021年08月26日
中国澳门特别行政区,63,2021年08月27日
中国澳门特别行政区,63,2021年08月28日
中国澳门特别行政区,63,2021年08月29日
中国澳门特别行政区,63,2021年08月30日
中国澳门特别行政区,63,2021年08月31日
中国澳门特别行政区,63,2021年09月01日
中国澳门特别行政区,63,2021年09月02日
中国澳门特别行政区,63,2021年09月03日
中国澳门特别行政区,63,2021年09月04日
中国澳门特别行政区,63,2021年09月05日
中国澳门特别行政区,63,2021年09月06日
中国澳门特别行政区,63,2021年09月07日
中国澳门特别行政区,63,2021年09月08日
中国澳门特别行政区,63,2021年09月09日
中国澳门特别行政区,63,2021年09月10日
中国澳门特别行政区,63,2021年09月11日
中国澳门特别行政区,63,2021年09月12日
中国澳门特别行政区,63,2021年09月13日
中国澳门特别行政区,63,2021年09月14日
中国澳门特别行政区,63,2021年09月15日
中国澳门特别行政区,63,2021年09月16日
中国澳门特别行政区,63,2021年09月17日
中国澳门特别行政区,63,2021年09月18日
中国澳门特别行政区,63,2021年09月19日
中国澳门特别行政区,63,2021年09月20日
中国澳门特别行政区,63,2021年09月21日
中国澳门特别行政区,63,2021年09月22日
中国澳门特别行政区,63,2021年09月23日
中国澳门特别行政区,63,2021年09月24日
中国澳门特别行政区,66,2021年09月25日
中国澳门特别行政区,66,2021年09月26日
中国澳门特别行政区,67,2021年09月27日
中国澳门特别行政区,71,2021年09月28日
中国澳门特别行政区,71,2021年09月29日
中国澳门特别行政区,71,2021年09月30日
中国澳门特别行政区,71,2021年10月01日
中国澳门特别行政区,71,2021年10月02日
中国澳门特别行政区,71,2021年10月03日
中国澳门特别行政区,72,2021年10月04日
中国澳门特别行政区,75,2021年10月05日
中国澳门特别行政区,75,2021年10月06日
中国澳门特别行政区,75,2021年10月07日
中国澳门特别行政区,75,2021年10月08日
中国澳门特别行政区,77,2021年10月09日
中国澳门特别行政区,77,2021年10月10日
中国澳门特别行政区,77,2021年10月11日
中国澳门特别行政区,77,2021年10月12日
中国澳门特别行政区,77,2021年10月13日
中国澳门特别行政区,77,2021年10月14日
中国澳门特别行政区,77,2021年10月15日
中国澳门特别行政区,77,2021年10月16日
中国澳门特别行政区,77,2021年10月17日
中国澳门特别行政区,77,2021年10月18日
中国澳门特别行政区,77,2021年10月19日
中国澳门特别行政区,77,2021年10月20日
中国澳门特别行政区,77,2021年10月21日
中国澳门特别行政区,77,2021年10月22日
中国澳门特别行政区,77,2021年10月23日
中国澳门特别行政区,77,2021年10月24日
中国澳门特别行政区,77,2021年10月25日
中国澳门特别行政区,77,2021年10月26日
中国澳门特别行政区,77,2021年10月27日
中国澳门特别行政区,77,2021年10月28日
中国澳门特别行政区,77,2021年10月29日
中国澳门特别行政区,77,2021年10月30日
中国澳门特别行政区,77,2021年10月31日
中国澳门特别行政区,77,2021年11月01日
中国澳门特别行政区,77,2021年11月02日
中国澳门特别行政区,77,2021年11月03日
中国澳门特别行政区,77,2021年11月04日
中国澳门特别行政区,77,2021年11月05日
中国澳门特别行政区,77,2021年11月06日
中国澳门特别行政区,77,2021年11月07日
中国澳门特别行政区,77,2021年11月08日
中国澳门特别行政区,77,2021年11月09日
中国澳门特别行政区,77,2021年11月10日
中国澳门特别行政区,77,2021年11月11日
中国澳门特别行政区,77,2021年11月12日
中国澳门特别行政区,77,2021年11月13日
中国澳门特别行政区,77,2021年11月14日
中国澳门特别行政区,77,2021年11月15日
中国澳门特别行政区,77,2021年11月16日
中国澳门特别行政区,77,2021年11月17日
中国澳门特别行政区,77,2021年11月18日
中国澳门特别行政区,77,2021年11月19日
中国澳门特别行政区,77,2021年11月20日
中国澳门特别行政区,77,2021年11月21日
中国澳门特别行政区,77,2021年11月22日
中国澳门特别行政区,77,2021年11月23日
中国澳门特别行政区,77,2021年11月24日
中国澳门特别行政区,77,2021年11月25日
中国澳门特别行政区,77,2021年11月26日
中国澳门特别行政区,77,2021年11月27日
中国澳门特别行政区,77,2021年11月28日
中国澳门特别行政区,77,2021年11月29日
中国澳门特别行政区,77,2021年11月30日
中国澳门特别行政区,77,2021年12月01日
中国澳门特别行政区,77,2021年12月02日
中国澳门特别行政区,77,2021年12月03日
中国澳门特别行政区,77,2021年12月04日
中国澳门特别行政区,77,2021年12月05日
中国澳门特别行政区,77,2021年12月06日
中国澳门特别行政区,77,2021年12月07日
中国澳门特别行政区,77,2021年12月08日
中国澳门特别行政区,77,2021年12月09日
中国澳门特别行政区,77,2021年12月10日
中国澳门特别行政区,77,2021年12月11日
中国澳门特别行政区,77,2021年12月12日
中国澳门特别行政区,77,2021年12月13日
中国澳门特别行政区,77,2021年12月14日
中国澳门特别行政区,77,2021年12月15日
中国澳门特别行政区,77,2021年12月16日
中国澳门特别行政区,77,2021年12月17日
中国澳门特别行政区,77,2021年12月18日
中国澳门特别行政区,77,2021年12月19日
中国澳门特别行政区,77,2021年12月20日
中国澳门特别行政区,77,2021年12月21日
中国澳门特别行政区,77,2021年12月22日
中国澳门特别行政区,77,2021年12月23日
中国澳门特别行政区,77,2021年12月24日
中国澳门特别行政区,77,2021年12月25日
中国澳门特别行政区,77,2021年12月26日
中国澳门特别行政区,78,2021年12月27日
中国澳门特别行政区,78,2021年12月28日
中国澳门特别行政区,78,2021年12月29日
中国澳门特别行政区,79,2021年12月30日
中国澳门特别行政区,79,2021年12月31日
中国澳门特别行政区,79,2022年01月01日
中国澳门特别行政区,79,2022年01月02日
中国澳门特别行政区,79,2022年01月03日
中国澳门特别行政区,79,2022年01月04日
中国澳门特别行政区,79,2022年01月05日
中国澳门特别行政区,79,2022年01月06日
中国澳门特别行政区,79,2022年01月07日
中国澳门特别行政区,79,2022年01月08日
中国澳门特别行政区,79,2022年01月09日
中国澳门特别行政区,79,2022年01月10日
中国澳门特别行政区,79,2022年01月11日
中国澳门特别行政区,79,2022年01月12日
中国澳门特别行政区,79,2022年01月13日
中国澳门特别行政区,79,2022年01月14日
中国澳门特别行政区,79,2022年01月15日
中国澳门特别行政区,79,2022年01月16日
中国澳门特别行政区,79,2022年01月17日
中国澳门特别行政区,79,2022年01月18日
中国澳门特别行政区,79,2022年01月19日
中国澳门特别行政区,79,2022年01月20日
中国澳门特别行政区,79,2022年01月21日
中国澳门特别行政区,79,2022年01月22日
中国澳门特别行政区,79,2022年01月23日
中国澳门特别行政区,79,2022年01月24日
中国澳门特别行政区,79,2022年01月25日
中国澳门特别行政区,79,2022年01月26日
中国澳门特别行政区,79,2022年01月27日
中国澳门特别行政区,79,2022年01月28日
中国澳门特别行政区,79,2022年01月29日
中国澳门特别行政区,79,2022年01月30日
中国澳门特别行政区,79,2022年01月31日
中国澳门特别行政区,79,2022年02月01日
中国澳门特别行政区,79,2022年02月02日
中国澳门特别行政区,79,2022年02月03日
中国澳门特别行政区,79,2022年02月04日
中国澳门特别行政区,79,2022年02月05日
中国澳门特别行政区,79,2022年02月06日
中国澳门特别行政区,79,2022年02月07日
中国澳门特别行政区,79,2022年02月08日
中国澳门特别行政区,79,2022年02月09日
中国澳门特别行政区,79,2022年02月10日
中国澳门特别行政区,79,2022年02月11日
中国澳门特别行政区,79,2022年02月12日
中国澳门特别行政区,79,2022年02月13日
中国澳门特别行政区,79,2022年02月14日
中国澳门特别行政区,79,2022年02月15日
中国澳门特别行政区,79,2022年02月16日
中国澳门特别行政区,79,2022年02月17日
中国澳门特别行政区,79,2022年02月18日
中国澳门特别行政区,79,2022年02月19日
中国澳门特别行政区,79,2022年02月20日
中国澳门特别行政区,79,2022年02月21日
中国澳门特别行政区,80,2022年02月22日
中国澳门特别行政区,80,2022年02月23日
中国澳门特别行政区,80,2022年02月24日
中国澳门特别行政区,80,2022年02月25日
中国澳门特别行政区,80,2022年02月26日
中国澳门特别行政区,81,2022年02月27日
中国澳门特别行政区,81,2022年02月28日
中国澳门特别行政区,81,2022年03月01日
中国澳门特别行政区,81,2022年03月02日
中国澳门特别行政区,82,2022年03月03日
中国澳门特别行政区,82,2022年03月04日
中国澳门特别行政区,82,2022年03月05日
中国澳门特别行政区,82,2022年03月06日
中国澳门特别行政区,82,2022年03月07日
中国澳门特别行政区,82,2022年03月08日
中国澳门特别行政区,82,2022年03月09日
中国澳门特别行政区,82,2022年03月10日
中国澳门特别行政区,82,2022年03月11日
中国澳门特别行政区,82,2022年03月12日
中国澳门特别行政区,82,2022年03月13日
中国澳门特别行政区,82,2022年03月14日
中国澳门特别行政区,82,2022年03月15日
中国澳门特别行政区,82,2022年03月16日
中国澳门特别行政区,82,2022年03月17日
中国澳门特别行政区,82,2022年03月18日
中国澳门特别行政区,82,2022年03月19日
中国澳门特别行政区,82,2022年03月20日
中国澳门特别行政区,82,2022年03月21日
中国澳门特别行政区,82,2022年03月22日
中国澳门特别行政区,82,2022年03月23日
中国澳门特别行政区,82,2022年03月24日
中国澳门特别行政区,82,2022年03月25日
中国澳门特别行政区,82,2022年03月26日
中国澳门特别行政区,82,2022年03月27日
中国澳门特别行政区,82,2022年03月28日
中国澳门特别行政区,82,2022年03月29日
中国澳门特别行政区,82,2022年03月30日
中国澳门特别行政区,82,2022年03月31日
中国澳门特别行政区,82,2022年04月01日
中国澳门特别行政区,82,2022年04月02日
中国澳门特别行政区,82,2022年04月03日
中国澳门特别行政区,82,2022年04月04日
中国澳门特别行政区,82,2022年04月05日
中国澳门特别行政区,82,2022年04月06日
中国澳门特别行政区,82,2022年04月07日
中国澳门特别行政区,82,2022年04月08日
中国澳门特别行政区,82,2022年04月09日
中国澳门特别行政区,82,2022年04月10日
中国澳门特别行政区,82,2022年04月11日
中国澳门特别行政区,82,2022年04月12日
中国澳门特别行政区,82,2022年04月13日
中国澳门特别行政区,82,2022年04月14日
中国澳门特别行政区,82,2022年04月15日
中国澳门特别行政区,82,2022年04月16日
中国澳门特别行政区,82,2022年04月17日
中国澳门特别行政区,82,2022年04月18日
中国澳门特别行政区,82,2022年04月19日
中国澳门特别行政区,82,2022年04月20日
中国澳门特别行政区,82,2022年04月21日
中国澳门特别行政区,82,2022年04月22日
中国澳门特别行政区,82,2022年04月23日
中国澳门特别行政区,82,2022年04月24日
中国澳门特别行政区,82,2022年04月25日
中国澳门特别行政区,82,2022年04月26日
中国澳门特别行政区,82,2022年04月27日
中国澳门特别行政区,82,2022年04月28日
中国澳门特别行政区,82,2022年04月29日
中国澳门特别行政区,82,2022年04月30日
中国澳门特别行政区,82,2022年05月01日
中国澳门特别行政区,82,2022年05月02日
中国澳门特别行政区,82,2022年05月03日
中国澳门特别行政区,82,2022年05月04日
中国澳门特别行政区,82,2022年05月05日
中国澳门特别行政区,82,2022年05月06日
中国澳门特别行政区,82,2022年05月07日
中国澳门特别行政区,82,2022年05月08日
中国澳门特别行政区,82,2022年05月09日
中国澳门特别行政区,82,2022年05月10日
中国澳门特别行政区,82,2022年05月11日
中国澳门特别行政区,82,2022年05月12日
中国澳门特别行政区,82,2022年05月13日
中国澳门特别行政区,82,2022年05月14日
中国澳门特别行政区,82,2022年05月15日
中国澳门特别行政区,82,2022年05月16日
中国澳门特别行政区,82,2022年05月17日
中国澳门特别行政区,82,2022年05月18日
中国澳门特别行政区,82,2022年05月19日
中国澳门特别行政区,82,2022年05月20日
中国澳门特别行政区,82,2022年05月21日
中国澳门特别行政区,82,2022年05月22日
中国澳门特别行政区,82,2022年05月23日
中国澳门特别行政区,82,2022年05月24日
中国澳门特别行政区,82,2022年05月25日
中国澳门特别行政区,83,2022年05月26日
中国澳门特别行政区,83,2022年05月27日
中国澳门特别行政区,83,2022年05月28日
中国澳门特别行政区,83,2022年05月29日
中国澳门特别行政区,83,2022年05月30日
中国澳门特别行政区,83,2022年05月31日
中国澳门特别行政区,83,2022年06月01日
中国澳门特别行政区,83,2022年06月02日
中国澳门特别行政区,83,2022年06月03日
中国澳门特别行政区,83,2022年06月04日
中国澳门特别行政区,83,2022年06月05日
中国澳门特别行政区,83,2022年06月06日
中国澳门特别行政区,83,2022年06月07日
中国澳门特别行政区,83,2022年06月08日
中国澳门特别行政区,83,2022年06月09日
中国澳门特别行政区,83,2022年06月10日
中国澳门特别行政区,83,2022年06月11日
中国澳门特别行政区,83,2022年06月12日
中国澳门特别行政区,83,2022年06月13日
中国澳门特别行政区,83,2022年06月14日
中国澳门特别行政区,83,2022年06月15日
中国澳门特别行政区,83,2022年06月16日
中国澳门特别行政区,83,2022年06月17日
中国澳门特别行政区,83,2022年06月18日
中国澳门特别行政区,91,2022年06月19日
中国澳门特别行政区,93,2022年06月20日
中国澳门特别行政区,98,2022年06月21日
中国澳门特别行政区,107,2022年06月22日
中国澳门特别行政区,115,2022年06月23日
中国澳门特别行政区,125,2022年06月24日
中国澳门特别行政区,129,2022年06月25日
中国澳门特别行政区,150,2022年06月26日
中国澳门特别行政区,172,2022年06月27日
中国澳门特别行政区,189,2022年06月28日
中国澳门特别行政区,205,2022年06月29日
中国澳门特别行政区,264,2022年06月30日
中国澳门特别行政区,325,2022年07月01日
中国澳门特别行政区,355,2022年07月02日
中国澳门特别行政区,389,2022年07月03日
中国澳门特别行政区,435,2022年07月04日
中国澳门特别行政区,461,2022年07月05日
中国澳门特别行政区,512,2022年07月06日
中国澳门特别行政区,550,2022年07月07日
中国澳门特别行政区,566,2022年07月08日
中国澳门特别行政区,590,2022年07月09日
中国澳门特别行政区,621,2022年07月10日
中国澳门特别行政区,642,2022年07月11日
中国澳门特别行政区,663,2022年07月12日
中国澳门特别行政区,679,2022年07月13日
中国澳门特别行政区,696,2022年07月14日
中国澳门特别行政区,711,2022年07月15日
中国澳门特别行政区,727,2022年07月16日
中国澳门特别行政区,742,2022年07月17日
中国澳门特别行政区,756,2022年07月18日
中国澳门特别行政区,762,2022年07月19日
中国澳门特别行政区,772,2022年07月20日
中国澳门特别行政区,781,2022年07月21日
中国澳门特别行政区,783,2022年07月22日
中国澳门特别行政区,783,2022年07月23日
中国澳门特别行政区,785,2022年07月24日
中国澳门特别行政区,787,2022年07月25日
中国澳门特别行政区,788,2022年07月26日
中国澳门特别行政区,788,2022年07月27日
中国澳门特别行政区,789,2022年07月28日
中国澳门特别行政区,791,2022年07月29日
中国澳门特别行政区,791,2022年07月30日
中国澳门特别行政区,791,2022年07月31日
中国澳门特别行政区,791,2022年08月01日
中国澳门特别行政区,791,2022年08月02日
中国澳门特别行政区,791,2022年08月03日
中国澳门特别行政区,791,2022年08月04日
中国澳门特别行政区,791,2022年08月05日
中国澳门特别行政区,791,2022年08月06日
中国澳门特别行政区,791,2022年08月07日
中国澳门特别行政区,791,2022年08月08日
中国澳门特别行政区,791,2022年08月09日
中国澳门特别行政区,791,2022年08月10日
